-- phpMyAdmin SQL Dump
-- version 4.8.5
-- https://www.phpmyadmin.net/
--
-- Host: 127.0.0.1
-- Generation Time: May 10, 2019 at 04:40 AM
-- Server version: 10.1.38-MariaDB
-- PHP Version: 7.2.15

SET SQL_MODE = "NO_AUTO_VALUE_ON_ZERO";
SET AUTOCOMMIT = 0;
START TRANSACTION;
SET time_zone = "+00:00";


/*!40101 SET @OLD_CHARACTER_SET_CLIENT=@@CHARACTER_SET_CLIENT */;
/*!40101 SET @OLD_CHARACTER_SET_RESULTS=@@CHARACTER_SET_RESULTS */;
/*!40101 SET @OLD_COLLATION_CONNECTION=@@COLLATION_CONNECTION */;
/*!40101 SET NAMES utf8mb4 */;

--
-- Database: `fhbd_v1`
--

-- --------------------------------------------------------

--
-- Table structure for table `r_courses`
--

CREATE TABLE `r_courses` (
  `course_ID` int(10) NOT NULL,
  `course_code` varchar(10) NOT NULL,
  `course_desc` varchar(255) NOT NULL,
  `course_status` varchar(10) NOT NULL DEFAULT 'Active',
  `course_timestamp` datetime NOT NULL
) ENGINE=InnoDB DEFAULT CHARSET=latin1;

--
-- Dumping data for table `r_courses`
--

INSERT INTO `r_courses` (`course_ID`, `course_code`, `course_desc`, `course_status`, `course_timestamp`) VALUES
(1, 'BSIT', 'Bachelor of Science in Information Technology', 'Active', '2019-04-05 00:00:00'),
(2, 'BSBA-MM', 'Bachelor of Science in Business Administration Major in Marketing Management', 'Active', '2019-04-05 00:00:00'),
(3, 'BSBA-HRDM', 'Bachelor of Science in Business Administration Major in Human Resource Development Management', 'Active', '2019-04-05 00:00:00'),
(4, 'BSENT', 'Bachelor of Science in Entrepreneurship', 'Active', '2019-04-05 00:00:00'),
(5, 'BBTE', 'Bachelor of Business Teaching Education', 'Active', '2019-04-05 00:00:00'),
(6, 'DOMT', 'Diploma in Office Management technology', 'Active', '2019-04-05 00:00:00');

-- --------------------------------------------------------

--
-- Table structure for table `r_office`
--

CREATE TABLE `r_office` (
  `office_ID` int(10) NOT NULL,
  `office_name` varchar(50) NOT NULL,
  `office_stat` bit(1) NOT NULL,
  `office_timestamp` datetime NOT NULL
) ENGINE=InnoDB DEFAULT CHARSET=latin1;

--
-- Dumping data for table `r_office`
--

INSERT INTO `r_office` (`office_ID`, `office_name`, `office_stat`, `office_timestamp`) VALUES
(1, 'Cashier\'s Office', b'1', '2019-04-05 00:00:00'),
(2, 'Office of the Branch Director', b'1', '2019-04-11 00:00:00');

-- --------------------------------------------------------

--
-- Table structure for table `r_particulars`
--

CREATE TABLE `r_particulars` (
  `prtclr_ID` int(10) NOT NULL,
  `prtclr_desc` varchar(100) NOT NULL,
  `prtclr_amount` decimal(10,2) NOT NULL,
  `prtclr_status` varchar(10) NOT NULL DEFAULT 'Active',
  `prtclr_timestamp` datetime NOT NULL
) ENGINE=InnoDB DEFAULT CHARSET=latin1;

--
-- Dumping data for table `r_particulars`
--

INSERT INTO `r_particulars` (`prtclr_ID`, `prtclr_desc`, `prtclr_amount`, `prtclr_status`, `prtclr_timestamp`) VALUES
(1, 'Application for Graduation', '150.00', 'Active', '2019-04-05 00:00:00'),
(2, 'Graduation Fee', '600.00', 'Active', '2019-04-05 00:00:00'),
(3, 'Transcript of Records', '350.00', 'Active', '2019-04-05 00:00:00'),
(4, 'Diploma', '200.00', 'Active', '2019-04-05 00:00:00'),
(5, 'Certification of Grades', '150.00', 'Active', '2019-04-05 00:00:00');

-- --------------------------------------------------------

--
-- Table structure for table `r_user_role`
--

CREATE TABLE `r_user_role` (
  `usr_ID` int(10) NOT NULL,
  `usr_desc` varchar(50) NOT NULL,
  `usr_stat` bit(1) NOT NULL,
  `usr_timestamp` datetime NOT NULL
) ENGINE=InnoDB DEFAULT CHARSET=latin1;

--
-- Dumping data for table `r_user_role`
--

INSERT INTO `r_user_role` (`usr_ID`, `usr_desc`, `usr_stat`, `usr_timestamp`) VALUES
(1, 'Administrator', b'1', '2019-04-05 00:00:00');

-- --------------------------------------------------------

--
-- Table structure for table `t_accounts`
--

CREATE TABLE `t_accounts` (
  `acc_ID` int(10) NOT NULL,
  `acc_empID` int(10) NOT NULL,
  `acc_username` varchar(100) NOT NULL,
  `acc_password` varchar(100) NOT NULL,
  `acc_user_role` int(10) NOT NULL,
  `acc_picture` varchar(255) NOT NULL DEFAULT 'default.png',
  `acc_mod_date` datetime NOT NULL,
  `acc_active_flag` varchar(10) NOT NULL DEFAULT 'Active'
) ENGINE=InnoDB DEFAULT CHARSET=latin1;

--
-- Dumping data for table `t_accounts`
--

INSERT INTO `t_accounts` (`acc_ID`, `acc_empID`, `acc_username`, `acc_password`, `acc_user_role`, `acc_picture`, `acc_mod_date`, `acc_active_flag`) VALUES
(1, 1, 'admin', 'admin', 1, 'default.png', '2019-04-11 11:47:13', 'Active'),
(2, 2, 'edgardo_delmo', 'delmo', 1, 'default.png', '2019-04-11 00:00:00', 'Active');

-- --------------------------------------------------------

--
-- Table structure for table `t_employees`
--

CREATE TABLE `t_employees` (
  `emp_ID` int(10) NOT NULL,
  `emp_lastname` varchar(100) NOT NULL,
  `emp_middlename` varchar(100) DEFAULT NULL,
  `emp_firstname` varchar(100) NOT NULL,
  `emp_office` int(10) NOT NULL,
  `emp_position` varchar(50) NOT NULL,
  `emp_picture` varchar(255) NOT NULL DEFAULT 'default.png',
  `emp_signatory` varchar(10) NOT NULL,
  `emp_active_flag` bit(1) NOT NULL DEFAULT b'1'
) ENGINE=InnoDB DEFAULT CHARSET=latin1;

--
-- Dumping data for table `t_employees`
--

INSERT INTO `t_employees` (`emp_ID`, `emp_lastname`, `emp_middlename`, `emp_firstname`, `emp_office`, `emp_position`, `emp_picture`, `emp_signatory`, `emp_active_flag`) VALUES
(1, 'Gonzalbo', 'B.', 'Merly', 1, 'SUC Administrative Staff', 'default.png', 'sig1', b'1'),
(2, 'Delmo', 'S.', 'Edgardo', 2, 'Branch Director', '', 'sig2', b'1');

-- --------------------------------------------------------

--
-- Table structure for table `t_report_bug`
--

CREATE TABLE `t_report_bug` (
  `rb_ID` int(10) NOT NULL,
  `rb_reporter` int(10) NOT NULL,
  `rb_desc` varchar(255) NOT NULL,
  `rb_timestamp` datetime NOT NULL DEFAULT CURRENT_TIMESTAMP
) ENGINE=InnoDB DEFAULT CHARSET=latin1;

-- --------------------------------------------------------

--
-- Table structure for table `t_student_info`
--

CREATE TABLE `t_student_info` (
  `stud_ID` int(10) NOT NULL,
  `stud_number` varchar(30) NOT NULL,
  `stud_lref_num` varchar(50) DEFAULT NULL,
  `stud_lastname` varchar(100) NOT NULL,
  `stud_givenname` varchar(100) NOT NULL,
  `stud_middleinit` varchar(3) DEFAULT NULL,
  `stud_sex` varchar(10) NOT NULL,
  `stud_birthdate` date NOT NULL,
  `stud_degree_prog` int(10) NOT NULL,
  `stud_year_level` varchar(10) NOT NULL,
  `stud_zipcode` varchar(10) DEFAULT NULL,
  `stud_email_add` varchar(100) NOT NULL,
  `stud_mobile_number` varchar(11) NOT NULL,
  `stud_timestamp` datetime NOT NULL,
  `stud_transact_stat` varchar(20) NOT NULL DEFAULT 'APPROVED'
) ENGINE=InnoDB DEFAULT CHARSET=latin1;

--
-- Dumping data for table `t_student_info`
--

INSERT INTO `t_student_info` (`stud_ID`, `stud_number`, `stud_lref_num`, `stud_lastname`, `stud_givenname`, `stud_middleinit`, `stud_sex`, `stud_birthdate`, `stud_degree_prog`, `stud_year_level`, `stud_zipcode`, `stud_email_add`, `stud_mobile_number`, `stud_timestamp`, `stud_transact_stat`) VALUES
(1, '2015-00044-CM-0', '', 'Balmoria', 'Daniel', 'D', 'Male', '1998-11-30', 1, '4', '', 'danielbalmoria@gmail.com', '09397333256', '2019-04-11 16:18:38', 'APPROVED'),
(2, '2015-00194-CM-0', '', 'Valdez', 'Eric kristopher', 'P', 'Male', '1999-08-24', 1, '4', '', 'ericvaldezxc@gmail.com', '09165770480', '2019-04-11 16:20:59', 'APPROVED'),
(3, '2015-00075-CM-0', '', 'Agnir', 'Lowell Dave', 'E', 'Male', '1999-04-21', 1, '4', '1850', 'lowell.agnir@gmail.com', '09293767107', '2019-04-11 16:23:30', 'APPROVED'),
(4, '2015-00065-CM-0', '', 'Magtibay', 'Joshua Miguel', 'P', 'Male', '1998-12-03', 1, '4', '1127', 'joshuamiguelmagtibay17@gmail.com', '09164859500', '2019-04-11 16:25:10', 'APPROVED'),
(5, '2015-00004-CM-0', '', 'Maglaque', 'Gerard', 'O', 'Male', '1999-07-15', 1, '4', '1123', 'stirlessearth23@gmail.com', '09291633781', '2019-04-11 16:26:45', 'APPROVED'),
(6, '2015-00141-CM-0', '', 'Gutierrez', 'John Carlo', 'V', 'Male', '1999-01-02', 1, '4', '1116', 'jcgutierrez0102@live.com.ph', '09770482434', '2019-04-11 16:29:38', 'APPROVED'),
(7, '2015-00147-CM-0', '', 'RIOS', 'RHEA', 'F', 'Female', '1999-08-13', 1, '4', '1128', 'rhearios71@gmail.com', '09167600247', '2019-04-11 16:33:56', 'APPROVED'),
(8, '2015-00040-CM-0', '', 'RONQUILLO', 'FRANCHESCA', 'N', 'Female', '1998-01-22', 1, '4', '1422', 'youreronq@gmail.com', '09282778193', '2019-04-11 16:35:39', 'APPROVED'),
(9, '2015-00019-CM-0', '', 'TIU', 'OLIVEN', 'T', 'Male', '1998-09-01', 1, '4', '3023', 'feralflare91@gmail.com', '09195327266', '2019-04-11 16:38:07', 'APPROVED'),
(10, '2015-00175-CM-0', '', 'CORDERO', 'MC CHRISTENE', 'N', 'Female', '1998-09-10', 1, '4', '1206', 'mariantionie07@gmail.com', '09083063400', '2019-04-11 16:40:17', 'APPROVED'),
(11, '2015-00211-CM-0', '', 'Vigan', 'Jeremiah', 'D', 'Male', '1998-10-30', 1, '4', '', 'jeremiahvigan3011@gmail.com', '09999137023', '2019-04-11 16:42:33', 'APPROVED'),
(12, '2015-00200-CM-0', '', 'Doños', 'Jocer', 'P', 'Male', '1998-11-01', 1, '4', '', 'jocerxnew@gmail.com', '09993555925', '2019-04-11 16:44:22', 'APPROVED'),
(13, '2015-00048-CM-0', '', 'Ilaida Jr', 'Esperato', 'C', 'Male', '1998-07-17', 1, '4', '1121', 'iesperato@gmail.com', '09387165369', '2019-04-11 16:48:00', 'APPROVED'),
(14, '2015-00192-CM-0', '', 'Cagulang', 'Anne Nicole', 'A.', 'Female', '1999-02-12', 1, '4', '1860', 'nicole.wiredonwed@gmail.com', '09669434530', '2019-04-11 16:49:29', 'APPROVED'),
(15, '2015-00152-CM-0', '', 'Labayen', 'Raven Joyce', 'H.', 'Female', '1998-06-29', 1, '4', '1118', 'ravenlabayen@gmail.com', '09959287972', '2019-04-11 16:50:31', 'APPROVED'),
(16, '2015-00135-CM-0', '', 'Mape', 'Sheena Mae', 'DC', 'Female', '1999-05-09', 1, '4', '1121', 'sheenmape09@gmail.com', '09485052350', '2019-04-11 16:51:42', 'APPROVED'),
(17, '2015-00118-CM-0', '', 'Paler', 'Jade Bernardine', 'B.', 'Female', '1999-06-15', 1, '4', '1117', 'jadebernardinepaler@gmail.com', '09568593736', '2019-04-11 16:52:54', 'APPROVED'),
(18, '2015-00080-CM-0', '', 'VALENCIA', 'MARIELLE NICOLE', 'L.', 'Female', '1998-12-17', 1, '4', '1121', 'mnvalencia17@gmail.com', '09269719891', '2019-04-11 16:57:31', 'APPROVED'),
(19, '2015-00138-CM-0', '', 'GABRIEL', 'OLIVER', 'J', 'Male', '1998-11-16', 1, '4', '1106', 'olivergab19@gmail.com', '09156595899', '2019-04-11 16:59:26', 'APPROVED'),
(21, '2015-00410-CM-0', '', 'ALEJANDRIA', 'MA. MICHAELA', 'C.', 'Female', '1998-06-17', 1, '4', '1100', 'mikaalej@gmail.com', '09395093565', '2019-04-11 17:03:11', 'APPROVED'),
(22, '2015-00073-CM-0', '', 'LOYOLA', 'JOHN PATRICK', 'B.', 'Male', '1998-11-04', 1, '4', '1127', 'loyolapat04@gmail.com', '09309758130', '2019-04-11 17:04:09', 'APPROVED'),
(23, '2015-00106-CM-0', '', 'WOODS', 'CLARK IAN', 'N.', 'Male', '1998-04-09', 1, '4', '1107', 'clarkianwoods@gmail.com', '09289018775', '2019-04-11 17:39:31', 'APPROVED'),
(24, '2015-00014-CM-0', '', 'PAULO', 'JEREMIAH', 'D.', 'Male', '1998-12-30', 1, '4', '1121', 'paulo_jeremiah@yahoo.com', '09052929309', '2019-04-11 17:41:03', 'APPROVED'),
(25, '2015-00193-CM-0', '', 'BALATBAT', 'CRISTIAN', 'O', 'Male', '1999-10-26', 1, '4', '1117', 'cristianbalatbat@yahoo.com', '09531176022', '2019-04-11 17:42:56', 'APPROVED'),
(26, '2015-00171-CM-0', '', 'MASADA', 'CLARENCE', 'P', 'Female', '2015-01-15', 3, '4', '1107', 'cpmasada@gmail.com', '09955462014', '2019-04-12 09:01:45', 'APPROVED'),
(27, '2015-00168-CM-0', '', 'GATCHALIAN', 'CHARESS JOY', 'B', 'Female', '1999-05-07', 3, '4', '', 'charessjoy@gmail.com', '09303553361', '2019-04-12 09:04:34', 'APPROVED'),
(28, '2015-00306-CM-0', '', 'ORTALEZA', 'MIA GRACE', 'B', 'Female', '1999-02-10', 4, '4', '1121', 'miaortaleza@gmail.com', '09397895390', '2019-04-12 09:52:14', 'APPROVED'),
(29, '2015-00631-CM-0', '', 'GACAD', 'UNICE MAE', 'E.', 'Female', '1998-12-18', 4, '4', '1100', 'Unicemae18@gmail.com', '09271672331', '2019-04-12 09:54:47', 'APPROVED'),
(30, '2015-00011-CM-0', '', 'NGO', 'MARIELLA', 'T.', 'Female', '1998-04-10', 2, '4', '1421', 'mariella.mhea@gmail.com', '09565523874', '2019-04-12 10:58:59', 'APPROVED'),
(31, '2015-00038-CM-0', '', 'SUYAT', 'ANGELICA', 'D.', 'Female', '1998-08-30', 2, '4', '1421', 'angelica_suyadeciolea@yahoo.com', '09071087419', '2019-04-12 11:00:59', 'APPROVED'),
(32, '2015-00154-CM-0', '', 'MANIBLE', 'MA. RONA', 'L.', 'Female', '1995-11-14', 2, '4', '1128', 'ma.rona_manible@yahoo.com', '09269740424', '2019-04-12 11:02:47', 'APPROVED'),
(33, '2015-00321-CM-0', '', 'RAMIREZ', 'ANGELI MAY', 'O.', 'Female', '1998-05-30', 2, '4', '1121', 'angelimay21@gmail.com', '09157883674', '2019-04-12 11:05:10', 'APPROVED'),
(34, '2015-00023-CM-0', '', 'FRILLES', 'VINCENT', 'F', 'Male', '1999-09-15', 2, '4', '', 'vincentfrilles@yahoo.com', '09067744086', '2019-04-12 11:06:43', 'APPROVED'),
(35, '2015-00068-CM-0', '', 'GANAPIN', 'JESSA JOYCE', 'B', 'Female', '1998-10-14', 2, '4', '1121', 'jjganapin@gmail.com', '09123125502', '2019-04-12 11:09:18', 'APPROVED'),
(36, '2015-00069-CM-0', '', 'ALMOETE', 'LYNNETTE', 'S', 'Female', '1996-01-04', 2, '4', '1121', 'lethalmoete@gmail.com', '09095856388', '2019-04-12 11:10:30', 'APPROVED'),
(37, '2015-00682-CM-0', '', 'MONDONEDO', 'SERINA JOY', 'O', 'Female', '1997-12-18', 4, '4', '', 'mserinajoy@yahoo.com', '09456429411', '2019-04-12 11:13:16', 'APPROVED'),
(38, '2015-00379-CM-0', '', 'ATUTUBO', 'DANIEL JON', 'R', 'Male', '1997-06-05', 4, '4', '1121', 'danieljonatutubo@yahoo.com', '09777069683', '2019-04-12 11:15:29', 'APPROVED'),
(39, '2015-00137-CM-0', '', 'REYES', 'SHAELLIN', 'M', 'Female', '1999-02-02', 2, '4', '1420', 'reyes.shaellin@yahoo.com', '09567942459', '2019-04-12 11:17:29', 'APPROVED'),
(40, '2014-00165-CM-0', '', 'PAESTE', 'DIANA JANE', 'T', 'Female', '1997-08-16', 2, '4', '', 'paestediana@yahoo.com', '09358584225', '2019-04-12 11:20:10', 'APPROVED'),
(41, '2015-00164-CM-0', '', 'MERCADO', 'JENKY', 'A', 'Female', '1999-02-13', 3, '4', '1126', 'mercadojenky1395@gmail.com', '09292196801', '2019-04-12 11:24:08', 'APPROVED'),
(42, '2015-00061-CM-0', '', 'FABABEIR', 'MARIEL', 'T', 'Female', '1998-06-03', 3, '4', '1119', 'marielfababeir@gmail.com', '09091699754', '2019-04-12 11:27:15', 'APPROVED'),
(43, '2015-00178-CM-0', '', 'CERENEO', 'RUTH EVE', 'G', 'Female', '1997-11-18', 3, '4', '1121', 'ruthcereneo@gmail.com', '09267668200', '2019-04-12 11:29:20', 'APPROVED'),
(44, '2015-00553-CM-0', '', 'VERZOSA', 'DANIELLE', 'A', 'Female', '1999-01-02', 3, '4', '1126', 'elleverzosa0214@gmail.com', '09168272520', '2019-04-12 11:32:38', 'APPROVED'),
(45, '2015-00252-CM-0', '', 'LEDUNA', 'LHYKA COLEEN', 'J', 'Female', '1999-03-28', 3, '4', '1121', 'lhkacolln.lhyka@gmail.com', '09282548175', '2019-04-12 11:34:11', 'APPROVED'),
(46, '2015-00202-CM-0', '', 'SANCHEZ', 'JENNIFER', 'T', 'Female', '1998-07-15', 1, '4', '1100', 'jennifertubansanchez@gmail.com', '09261810968', '2019-04-12 11:35:46', 'APPROVED'),
(47, '2015-00096-CM-0', '', 'CATAP', 'LOWIE', 'S.', 'Male', '1985-09-04', 1, '4', '1121', 'patacetnomaseiwol@yahoo.com', '09998467484', '2019-04-12 11:37:11', 'APPROVED'),
(48, '2015-00222-CM-0', '', 'GARCIA', 'ANGELIKA', 'B', 'Female', '1999-01-27', 3, '4', '1121', 'gbangelika27@gmail.com', '09126130613', '2019-04-12 11:39:51', 'APPROVED'),
(49, '2015-00003-CM-0', '', 'ALIWALAS', 'SOLEIL AWIT', 'T', 'Female', '1999-08-17', 3, '4', '1116', 'soleilawitaliwalas@gmail.com', '09497561776', '2019-04-12 11:41:38', 'APPROVED'),
(50, '2015-00056-CM-0', '', 'BAUTISTA', 'MOIRA DIANNE', 'E.', 'Female', '1999-06-04', 3, '4', '1121', 'MOIRADIANNE.MD@gmail.com', '09279567545', '2019-04-12 11:44:12', 'APPROVED'),
(51, '2015-00569-CM-0', '', 'GRAIDA', 'MIKHAELLA', 'S.', 'Female', '1996-06-12', 3, '4', '1114', 'alleahkim.adiarg12@gmail.com', '09058768970', '2019-04-12 11:46:20', 'APPROVED'),
(52, '2015-00029-CM-0', '', 'TATOY', 'DANICA', 'B.', 'Female', '1998-10-18', 3, '4', '3023', 'danicatatoy18@gmail.com', '09354065795', '2019-04-12 11:47:51', 'APPROVED'),
(53, '2015-00721-CM-1', '', 'FRANCISCO', 'MARY JAZMINE', 'C.', 'Female', '1995-05-11', 3, '4', '1120', 'maryjazfrancisco@gmail.com', '09055582143', '2019-04-12 11:49:47', 'APPROVED'),
(54, '2015-00035-CM-0', '', 'LEGADA', 'ELISA ANDREA', 'G.', 'Female', '1993-09-22', 3, '4', '1121', 'legadaandrea@gmail.com', '09201129594', '2019-04-12 11:51:51', 'APPROVED'),
(55, '2015-00077-CM-0', '', 'STA. CRUZ', 'ROSE CARLA', 'S.', 'Female', '1998-10-05', 3, '4', '1106', 'kakaistacruz@gmail.com', '09664419739', '2019-04-12 11:53:52', 'APPROVED'),
(56, '2015-00610-CM-1', '', 'BULATAO', 'CHRISTIAN GAREN', 'Q.', 'Male', '1998-08-16', 3, '4', '1121', 'christiangaren16@gmail.com', '09162803526', '2019-04-12 11:56:08', 'APPROVED'),
(57, '2015-00117-CM-0', '', 'SELFIDES', 'JOCELYN', 'P', 'Female', '1998-07-24', 2, '4', '1126', 'selfides.jocelyn@yahoo.com', '09350077270', '2019-04-12 11:59:12', 'APPROVED'),
(58, '2015-00022-CM-0', '', 'MADRONERO', 'LORAINNE ANNE', 'P', 'Female', '1999-01-31', 3, '4', '1421', 'lainne.31@gmail.com', '09383360215', '2019-04-12 12:00:37', 'APPROVED'),
(59, '2015-00105-CM-0', '', 'SAYCON', 'ELHAJOY', 'C', 'Female', '1998-10-23', 3, '4', '1127', 'SAYCONELHAJOY@YAHOO.COM', '09758936266', '2019-04-12 12:02:34', 'APPROVED'),
(60, '2015-00370-CM-0', '', 'FELIZARIO', 'ROSELYN ANN', '', 'Female', '1998-04-20', 3, '4', '1119', 'felizariorara@gmail.com', '09291194564', '2019-04-12 12:04:12', 'APPROVED'),
(61, '2015-00358-CM-0', '', 'ZAPANTA', 'ALEXIS NICOLE', 'T', 'Female', '1997-10-28', 3, '4', '1121', 'lexisnikolai@gamil.com', '09204973145', '2019-04-12 12:05:36', 'APPROVED'),
(62, '2015-00189-CM-0', '', 'GINEZ', 'SHIENA MAE ', 'P', 'Female', '1998-08-27', 3, '4', '1860', 'shenginez@gmail.com', '09083221626', '2019-04-12 12:06:57', 'APPROVED'),
(63, '2015-00158-CM-0', '', 'BARGABINO', 'MA. ALEXANDRA', 'O.', 'Female', '1998-12-17', 3, '4', '1126', 'alexandrabargabino1998@gmail.com', '09212282915', '2019-04-12 12:08:54', 'APPROVED'),
(64, '2015-00632-CM-0', '', 'FRONDA', 'GRACE ANGELEE', 'E', 'Female', '1998-09-12', 4, '4', '1119', 'graceangelee.gaef@gmail.com', '09397396917', '2019-04-12 12:10:14', 'APPROVED'),
(65, '2015-00313-CM-0', '', 'SANTOS', 'AUDREY', 'B', 'Female', '1998-07-13', 4, '4', '1121', 'audreysantos2113@gmail.com', '09993381978', '2019-04-12 12:11:30', 'APPROVED'),
(66, '2015-00575-CM-0', '', 'MANIGO', 'KRISTINEL JOY', 'D.', 'Female', '1998-12-24', 3, '4', '1105', 'krstineljoymanigo24@gmail.com', '09957358531', '2019-04-12 12:13:00', 'APPROVED'),
(67, '2015-00586-CM-0', '', 'BESA', 'MARIE-CRIS', 'C.', 'Female', '1997-05-22', 3, '4', '1117', 'mariecrisbesa@gmail.com', '09393690841', '2019-04-12 12:14:58', 'APPROVED'),
(68, '2015-00207-CM-0', '', 'BALDIVIA', 'ERMA KINDRA', 'V.', 'Female', '1998-04-08', 3, '4', '1126', 'kindrabaldivia@gmail.com', '09053535308', '2019-04-12 12:16:18', 'APPROVED'),
(69, '2015-00234-CM-0', '', 'DELOSO', 'JOHN ROBIN', 'B', 'Male', '1998-11-11', 3, '4', '1121', 'johnrobindeloso@gmail.com', '09309209413', '2019-04-12 12:17:39', 'APPROVED'),
(70, '2015-00335-CM-0', '', 'ZONIO', 'JEFFREY', 'G', 'Male', '1990-02-10', 3, '4', '1121', 'cgjheff021090@gmail.com', '9527725', '2019-04-12 12:19:34', 'APPROVED'),
(71, '2014-00323-CM-0', '', 'ZAMORA', 'KEVIN JOHN', 'D', 'Male', '1997-10-08', 4, '4', '1121', 'kevinjohndz14@gmail.com', '09387142360', '2019-04-12 12:21:26', 'APPROVED'),
(72, '2015-00107-CM-0', '', 'TORRES', 'CRIS JEROME', 'C.', 'Male', '1997-01-04', 4, '4', '1107', 'Crisjerometorres04@gmail.com', '09105765155', '2019-04-12 12:23:37', 'APPROVED'),
(73, '2015-00172-CM-0', '', 'BUARA', 'JEAN ALANIS', 'B', 'Female', '1999-10-12', 2, '4', '1101', 'jbuara.il@gmail.com', '09984916351', '2019-04-12 12:30:00', 'APPROVED'),
(74, '2015-00583-CM-0', '', 'BUENAFLOR', 'JESSA ROSE', 'E', 'Female', '1998-01-25', 3, '4', '1126', 'buenaflor910@gmail.com', '09073049126', '2019-04-12 12:32:12', 'APPROVED'),
(75, '2015-00269-CM-0', '', 'OLIVAR', 'FORCELYN', 'G', 'Female', '1998-09-04', 2, '4', '1119', 'seanseanolivar@gmail.com', '09164857611', '2019-04-12 12:33:54', 'APPROVED'),
(76, '2015-00585-CM-0', '', 'BUTIL', 'GENELLA ZHETA MARGARETTE', 'R', 'Female', '1999-12-05', 2, '4', '1121', 'genellabutil@gmail.com', '09128755552', '2019-04-12 12:35:27', 'APPROVED'),
(77, '2014-00190-CM-0', '', 'MARCELO', 'MARLON', 'J.', 'Male', '1996-12-10', 3, '4', '', 'marlonmarcelo454@gmail.com', '09123140031', '2019-04-12 12:37:15', 'APPROVED'),
(78, '2015-00267-CM-0', '', 'SIRUMA', 'GRACIEL', 'M', 'Female', '1998-06-26', 3, '4', '1119', 'Gracielsiruma17@gmail.com', '09066817198', '2019-04-12 12:40:00', 'APPROVED'),
(79, '2015-00578-CM-0', '', 'UY', 'DANICA', 'D', 'Female', '1999-04-12', 3, '4', '1119', 'danicauy12@gmail.com', '09556151150', '2019-04-12 12:41:29', 'APPROVED'),
(80, '2015-00033-CM-0', '', 'RUZ', 'JIRAH ANNE', 'A', 'Female', '1999-04-02', 3, '4', '1126', 'jirah.ruz02@gmail.com', '09364079957', '2019-04-12 12:42:41', 'APPROVED'),
(81, '2015-00028-CM-0', '', 'SORIANO', 'ROXANNE MARIE', 'M', 'Female', '1999-08-23', 3, '4', '3023', 'roxannesoriano12345@gmail.com', '09554376888', '2019-04-12 12:44:06', 'APPROVED'),
(82, '2015-00232-CM-0', '', 'REGENCIA', 'MARY ELIZABETH FRANCE', 'R', 'Female', '1998-03-17', 3, '4', '1023', 'elizabethfranceregencia@gmail.com', '09056244474', '2019-04-12 12:47:27', 'APPROVED'),
(83, '2015-00713-CM-1', '', 'COSTIN', 'MARIEL', 'V', 'Female', '1997-09-03', 3, '4', '1121', 'MARIELCOSTIN3@GMAIL.COM', '09163424310', '2019-04-12 12:48:53', 'APPROVED'),
(84, '2015-00009-CM-0', '', 'DELOS REYES', 'MELISSA', '', 'Female', '1998-10-23', 1, '4', '1128', 'melissandelosreyes@gmail.com', '09192651278', '2019-04-12 12:51:10', 'APPROVED'),
(85, '2015-00705-CM-1', '', 'DUCUSIN', 'JOANNER DHAN PAULUS ', 'A', 'Male', '1996-02-03', 2, '4', '1118', 'jdhan.ducusin@gmail.com', '09263046187', '2019-04-12 12:53:50', 'APPROVED'),
(86, '2015-00163-CM-0', '', 'NAVARRO', 'JOY BERLETH', 'F.', 'Female', '1998-04-08', 3, '4', '3023', 'Berlethnavarro19@gmail.com', '09959860191', '2019-04-12 12:58:16', 'APPROVED'),
(87, '2015-00238-CM-0', '', 'BALBON', 'KYLE JADE', 'A', 'Female', '1999-01-23', 3, '4', '1421', 'kylejeyd@gmail.com', '09269720578', '2019-04-12 13:01:26', 'APPROVED'),
(88, '2015-00205-CM-0', '', 'RIVERA', 'ALBERT', 'J', 'Male', '1999-08-08', 3, '4', '1127', 'jaronel09@gmail.com', '09216352382', '2019-04-12 13:03:04', 'APPROVED'),
(89, '2015-00190-CM-0', '', 'LOMIBAO', 'CHRISTOFFER CHARLES', 'D', 'Male', '1999-05-16', 3, '4', '1124', 'christofferlomibao16@gmail.com', '09955777040', '2019-04-12 13:05:19', 'APPROVED'),
(90, '2015-00090-CM-0', '', 'CHAVEZ', 'HONEY GRACE', 'P', 'Female', '1996-12-15', 5, '4', '1126', 'chavezhoneygrace15@gmail.com', '09669401024', '2019-04-12 13:08:19', 'APPROVED'),
(91, '2015-00093-CM-0', '', 'AGUANZA', 'LEIZEL MAE ', 'L', 'Female', '1999-01-21', 5, '4', '', '', '09398960144', '2019-04-12 13:10:13', 'APPROVED'),
(92, '2015-00245-CM-0', '', 'BON', 'JERALDINE', 'C', 'Female', '1998-05-20', 5, '4', '1119', 'bonjeraldine016@gmail.com', '09672300280', '2019-04-12 13:12:20', 'APPROVED'),
(93, '2015-00250-CM-0', '', 'CAWALING', 'KAYE', 'D', 'Female', '1998-06-18', 5, '4', '', 'CAWALING.KAYE@YAHOO.COM', '09999816808', '2019-04-12 13:14:26', 'APPROVED'),
(94, '2015-00100-CM-0', '', 'CANLAS', 'ALDRIN', 'S', 'Male', '1997-06-17', 3, '4', '1119', 'canlasaldrin17@gmail.com', '09567049752', '2019-04-12 13:16:55', 'APPROVED'),
(95, '2015-00114-CM-0', '', 'CABILES', 'JHAN CHRISTIAN', 'S', 'Male', '1997-12-01', 3, '4', '1127', 'bobcabiles@gmail.com', '09453681848', '2019-04-12 13:18:30', 'APPROVED'),
(96, '2015-00184-CM-0', '', 'BARRAMEDA', 'JAYSON', 'D', 'Male', '1997-07-14', 3, '4', '1121', 'JajayBarrameda20@gmail.com', '09071435323', '2019-04-12 13:20:31', 'APPROVED'),
(97, '2015-00228-CM-0', '', 'BERNAL', 'KEITH FRANCH', 'D', 'Female', '1997-07-30', 1, '4', '1118', 'keithfranch@gmail.com', '09391836158', '2019-04-12 13:23:30', 'APPROVED'),
(98, '2015-00625-CM-0', '', 'LIZADA', 'ANGELIKA', '', 'Female', '1998-09-16', 3, '4', '1127', 'angelkalizada2@gmail.com', '09155053536', '2019-04-12 13:25:41', 'APPROVED'),
(99, '2015-00045-CM-0', '', 'CAMPO', 'MARY GRACE', 'C', 'Female', '1999-02-13', 3, '4', '1127', 'gracemin130@gmail.com', '09563721487', '2019-04-12 13:27:06', 'APPROVED'),
(100, '2015-00667', 'CM-0', 'ALMACIN', 'AIRA', 'D', 'Female', '1999-02-15', 4, '4', '', 'aira_almacin@yahoo.com', '09217052913', '2019-04-12 13:32:11', 'APPROVED'),
(101, '2015-00260-CM-0', '', 'CORDERO ', 'JEFF ANDREI', 'A', 'Male', '1998-09-17', 3, '4', '', 'jeffcordero17@yahoo.com', '09753318682', '2019-04-12 13:43:22', 'APPROVED'),
(102, '2015-00129-CM-0', '', 'DE GUZMAN', 'CLARISSA LANE', 'C', 'Female', '1998-02-10', 3, '4', '1102', 'clcdeguzman10@gmail.com', '09952000105', '2019-04-12 13:47:32', 'APPROVED'),
(103, '2015-00218-CM-0', '', 'ROMERO', 'MIKKA', 'L.', 'Female', '1998-01-27', 3, '4', '1860', 'mikkaromero123@gmail.com', '09289564362', '2019-04-12 14:16:48', 'APPROVED'),
(104, '2015-00002-CM-0', '', 'LACSAMANA', 'EMMANUEL JOHN', 'E', 'Male', '1998-09-01', 3, '4', '3023', 'ejohnlacsamana@gmail.com', '09201111623', '2019-04-12 14:20:23', 'APPROVED'),
(105, '2015-00547-CM-0', '', 'RUZ', 'CIARRA JAMICAH', 'M', 'Female', '1999-01-12', 3, '4', '1126', 'ciarrajamicahruz2@gmail.com', '09079898833', '2019-04-12 14:22:39', 'APPROVED'),
(107, '2015-00007-CM-0', '', 'APO', 'ALYANA MAE', 'L', 'Female', '1999-09-22', 1, '4', '1116', 'yanaapo22@gmail.com', '09995022093', '2019-04-12 14:26:41', 'APPROVED'),
(108, '2015-00197-CM-0', '', 'VILLEGAS', 'RONELYN', 'M', 'Female', '1997-06-04', 1, '4', '1104', 'ronelynvillegas@gmail.com', '09568446582', '2019-04-12 14:28:26', 'APPROVED'),
(109, '2015-00628-CM-0', '', 'SUELA', 'LEONARD', 'C', 'Male', '1998-05-25', 4, '4', '1860', 'suela.leonard@yahoo.com', '09398619727', '2019-04-12 14:31:46', 'APPROVED'),
(110, '2015-00256-CM-0', '', 'DELA CRUZ', 'JOSHUA MARIE', 'T', 'Female', '1999-03-14', 3, '4', '1120', 'delacruzjoshuamarie14@gmail.com', '09777560607', '2019-04-12 14:34:01', 'APPROVED'),
(111, '2015-00573-CM-0', '', 'POGIO', 'MARICEL', 'B', 'Female', '1994-10-17', 3, '4', '1870', 'pogiomaricel@gmail.com', '09457950593', '2019-04-12 14:35:38', 'APPROVED'),
(112, '2015-00565-CM-0', '', 'AMBROSIO', 'JOHN HAROLD', 'F', 'Male', '1999-09-27', 3, '4', '1127', 'nnacho2799@gmail.com', '09776092892', '2019-04-12 14:37:34', 'APPROVED'),
(114, '2015-00099-CM-0', '', 'ORCENA', 'BEA HATTHAL', '', 'Female', '1999-12-13', 3, '4', '', 'carapace.popsicle@gmal.com', '09211967174', '2019-04-12 14:41:10', 'APPROVED'),
(115, '2015-00289-CM-0', '', 'MARCOS', 'JAN ALEN GREG', 'M', 'Male', '1998-11-09', 5, '4', '', 'marcosjag099@gmail.com', '09464903139', '2019-04-12 14:46:12', 'APPROVED'),
(116, '2015-00063-CM-0', '', 'GUMANIT', 'MA. VENUS', 'S', 'Female', '1996-09-10', 5, '4', '1126', 'gmntmariavenus@gmail.com', '09652205893', '2019-04-12 14:49:24', 'APPROVED'),
(117, '2015-00253-CM-0', '', 'ASUZANO', 'REGINA LYNN', 'M', 'Female', '1999-03-13', 5, '4', '1119', 'regina.asuzano@gmail.com', '09168330291', '2019-04-12 14:51:05', 'APPROVED'),
(118, '2015-00113-CM-0', '', 'CASCAYAN', 'ROSELLE MAE', 'C', 'Female', '1998-12-15', 5, '4', '1121', 'rosellemaecascayan@gmail.com', '09391620903', '2019-04-12 14:53:35', 'APPROVED'),
(119, '2015-00311-CM-0', '', 'LUMAUIG', 'RACHELLE', 'A', 'Female', '1999-12-17', 5, '4', '', 'rchlllumauig@gmail.com', '09292652684', '2019-04-12 14:54:55', 'APPROVED'),
(120, '2015-00300-CM-0', '', 'GALOPE', 'JENNY LYN', 'M.', 'Female', '1999-08-10', 5, '4', '', 'jgalope10@gmail.com', '09356767825', '2019-04-12 14:56:41', 'APPROVED'),
(121, '2015-00314-CM-0', '', 'MISAJON', 'KHRISTEL LANE', 'D.', 'Female', '1998-08-12', 5, '4', '1121', 'khristeldumaran@gmail.com', '09106917952', '2019-04-12 14:58:13', 'APPROVED'),
(122, '2015-00671-CM-0', '', 'SAN PEDRO ', 'JAYSON MAREU ', 'C', 'Male', '1994-11-07', 4, '4', '1103', 'jaysonsp7@gmail.com', '', '2019-04-12 14:59:52', 'APPROVED'),
(123, '2015-00111-CM-0', '', 'PEDROSO', 'JAMRAH GRACE', 'G.', 'Female', '1997-10-27', 2, '4', '', 'jamrahgracepedroso@gmail.com', '09306492459', '2019-04-12 15:03:55', 'APPROVED'),
(124, '2015-00136-CM-0', '', 'TAPAN', 'VIKTORIYA ', 'I', 'Female', '1998-11-01', 2, '4', '1121', 'tapanviktoriya1@gmail.com', '09550265503', '2019-04-12 15:05:54', 'APPROVED'),
(125, '2015-00010-CM-0', '', 'ARZADON', 'ANGELICA JOYCE', 'T', 'Female', '1998-08-27', 2, '4', '1808', 'angelicajoyce.arzadon@gmail.com', '09208270615', '2019-04-12 15:07:31', 'APPROVED'),
(126, '2015-00104-CM-0', '', 'OCAY', 'REMMEL', '', 'Male', '1997-09-20', 1, '4', '1116', 'ocayremmel20@gmail.com', '09205490070', '2019-04-12 15:09:33', 'APPROVED'),
(127, '2015-00244-CM-0', '', 'INDITA', 'JANESSA RHICA', 'V', 'Female', '1998-07-03', 3, '4', '1125', 'janessaindita@gmail.com', '09285721177', '2019-04-12 15:12:50', 'APPROVED'),
(128, '2015-00188-CM-0', '', 'GONZALES', 'JOHN AUSTIN', 'N', 'Male', '1998-12-01', 3, '4', '', 'johnaustiiin18@gmail.com', '09164766850', '2019-04-12 15:14:12', 'APPROVED'),
(129, '2015-00226-CM-0', '', 'OMILLA', 'MARIA ANGELICA', 'M.', 'Female', '1999-01-08', 5, '4', '1121', 'angelicaomilla@gmail.com', '09366568970', '2019-04-12 15:16:36', 'APPROVED'),
(130, '2015-00310-CM-0', '', 'PASILAN', 'PATRICIA NICOLE', '', 'Female', '1998-09-29', 5, '4', '1118', 'patricianicolepasilan@gmail.com', '09096378789', '2019-04-12 15:19:06', 'APPROVED'),
(131, '2015-00087-CM-0', '', 'MATEO', 'RONNA MAY', 'M', 'Female', '1998-12-20', 5, '4', '1119', 'ronnamaymateo2@gmail.com', '09157946608', '2019-04-12 15:21:43', 'APPROVED'),
(132, '2015-00088-CM-0', '', 'CASIPE', 'AILEEN JOY', 'C', 'Female', '1999-08-06', 5, '4', '1127', 'aileenjoy0806@gmail.com', '09568446576', '2019-04-12 15:23:51', 'APPROVED'),
(133, '2015-00027-CM-0', '', 'JORGE', 'DANICA ROSE', 'R', 'Female', '1998-10-13', 2, '4', '1121', 'jorge.danicarose@yahoo.com', '09302189670', '2019-04-12 15:26:53', 'APPROVED'),
(134, '2015-00707-CM-1', '', 'MUÑOZ', 'MICHAEL CEDRIC', 'V', 'Male', '1997-10-23', 3, '4', '', 'cedmunozz@gmail.com', '09156981670', '2019-04-12 15:45:18', 'APPROVED'),
(135, '2015-00242-CM-0', '', 'ORABA', 'KEA MAE', 'O', 'Female', '1997-12-19', 3, '4', '', 'KEAORABA.18@GMAIL.COM', '09751742160', '2019-04-12 16:01:30', 'APPROVED'),
(136, '2015-00031-CM-0', '', 'DELA CERNA', 'SHEINA', 'D', 'Female', '1999-05-23', 2, '4', '1427', 'sheindlc@gmail.com', '09556841124', '2019-04-12 16:17:58', 'APPROVED'),
(137, '2015-00030-CM-0', '', 'PADOLINA', 'EDCARLO', 'N', 'Male', '1998-11-08', 2, '4', '1427', 'edcarlopadolina14@gmail.com', '09331744601', '2019-04-12 16:19:04', 'APPROVED'),
(138, '2015-00666-CM-0', '', 'ROMERO', 'JERICHO', 'C', 'Male', '1998-10-19', 4, '4', '1117', 'romerojericho69@yahoo.com', '09507269464', '2019-04-13 10:41:21', 'APPROVED'),
(139, '2015-00580-CM-0', '', 'MANALANSAN', 'JOHN-ROI', 'G', 'Male', '1998-09-14', 1, '4', '1850', 'roigatan27@gmail.com', '09669236827', '2019-04-13 11:08:47', 'APPROVED'),
(140, '2015-00283-CM-0', '', 'CANO', 'MELCRIS', 'F', 'Female', '1998-10-18', 4, '4', '1121', 'melcriscano@gmail.com', '09987390442', '2019-04-13 13:30:42', 'APPROVED'),
(141, '2015-00236-CM-0', '', 'ENTEÑA', 'WENDELL', 'N.', 'Male', '1998-08-09', 4, '4', '1127', 'wendell.entena@gmail.com', '09296319517', '2019-04-13 13:35:25', 'APPROVED'),
(142, '2015-00203-CM-0', '', 'OLASIMAN', 'MC REVEN', 'T', 'Male', '1998-01-28', 2, '4', '1119', 'mcrevenolasiman@gmail.com', '09269009602', '2019-04-13 14:00:57', 'APPROVED'),
(143, '2015-00373-CM-0', '', 'PABILONIA', 'ADYLYN', 'P.', 'Female', '1998-12-26', 4, '4', '1124', 'adylynhoran@gmail.com', '09059501746', '2019-04-13 14:08:18', 'APPROVED'),
(144, '2015-00409-CM-0', '', 'OLIBAN', 'ALEXSA', 'R', 'Female', '1998-09-22', 4, '4', '1119', 'alexsa.oliban922@gmail.com', '09502101458', '2019-04-13 14:10:11', 'APPROVED'),
(145, '2015-00561-CM-0', '', 'PITAO', 'ROSEJANE', 'A.', 'Female', '1997-10-18', 4, '4', '1900', 'rosejanepitao001@gmail.com', '09107508077', '2019-04-13 14:12:40', 'APPROVED'),
(146, '2015-00650-CM-0', '', 'CASTAÑAREZ', 'AIRA SHAYNE', 'C', 'Female', '1998-07-25', 4, '4', '1119', 'aira_castanarez@yahoo.com', '09753656493', '2019-04-13 14:15:22', 'APPROVED'),
(147, '2015-00475-CM-0', '', 'JARJAONEL ', 'JASTINRED', 'E', 'Male', '1995-11-06', 4, '4', '1126', 'lenoraj_pula@yahoo.com', '09568452351', '2019-04-13 14:17:36', 'APPROVED'),
(148, '2015-00336-CM-0', '', 'LUSANTA', 'JOHN LEMUEL', 'G', 'Male', '1998-09-30', 4, '4', '1119', 'lusantajohn@gmail.com', '09993152419', '2019-04-13 14:21:44', 'APPROVED'),
(149, '2015-00097-CM-0', '', 'REFOGIO', 'EMMANUELLE CHRISTIAN', '', 'Male', '1998-05-12', 5, '4', '', 'emmanuelle.crfg@gmail.com', '09457633300', '2019-04-13 14:43:06', 'APPROVED'),
(150, '2015-00221-CM-0', '', 'MONTANO', 'JASMINE MAE', 'B', 'Female', '1998-09-21', 1, '4', '', 'jasmonmontano@gmail.com', '09100837358', '2019-04-13 15:03:38', 'APPROVED'),
(151, '2015-00224-CM-0', '', 'DELACRUZ', 'ANGELINE', 'M', 'Female', '1998-12-15', 2, '4', '1121', 'angelinedelacruz098@yahoo.com', '09750393226', '2019-04-13 15:38:15', 'APPROVED'),
(152, '2015-00298-CM-0', '', 'NAVARRO', 'RENATO JR.', 'P', 'Male', '1999-05-27', 4, '4', '1121', 'renatonavarro27@gmail.com', '09224951600', '2019-04-13 15:39:42', 'APPROVED'),
(153, '2015-00371-CM-0', '', 'ARPON JR.', 'ANTONIO', 'C', 'Male', '1999-05-06', 3, '4', '1427', 'arponanton1122@gmail.com', '09075802085', '2019-04-15 10:36:35', 'APPROVED'),
(154, '2017-00391-CM-1', '', 'ADAMAT', 'MAYPRILYN', 'J', 'Female', '1992-04-08', 3, '4', '1121', 'may.zianmaica@gmail.com', '09152019978', '2019-04-15 10:44:26', 'APPROVED'),
(155, '2015-00557-CM-0', '', 'AÑOZA', 'CHERRY ANNE', 'P', 'Female', '1993-11-24', 3, '4', '1128', 'anozacherryanne@gmail.com', '09471544324', '2019-04-15 10:47:57', 'APPROVED'),
(156, '2015-00109-CM-0', '', 'SALAR', 'JERSON DALE', 'D', 'Male', '1998-10-01', 3, '4', '1117', 'jdsalar.work@gmail.com', '09451862975', '2019-04-15 10:50:58', 'APPROVED'),
(157, '2015-00072-CM-0', '', 'EDORA', 'CARISSA MAE', 'V', 'Female', '1998-10-21', 3, '4', '1800', 'carissamaeedora@gmail.com', '09196559164', '2019-04-15 13:28:52', 'APPROVED'),
(158, '2015-00324-CM-0', '', 'BALAYO', 'KRISTOPHER MELAN', 'G.', 'Male', '1998-12-31', 4, '4', '', 'kristopher.balayo@yahoo.com', '09983122024', '2019-04-15 13:32:01', 'APPROVED'),
(159, '2015-00042-CM-0', '', 'CRUZ', 'PAOLO RAFAEL', 'A', 'Male', '1999-05-15', 4, '4', '1127', 'paolorafaelcruz@gmail.com', '09272705544', '2019-04-15 13:35:44', 'APPROVED'),
(160, '2015-00270-CM-0', '', 'MANALO', 'CHRISTIAN JIREH', 'J', 'Male', '1998-02-23', 2, '4', '', 'christianjireh.manalo@gmail.com', '09100043886', '2019-04-15 13:38:01', 'APPROVED'),
(161, '2015-00208-CM-0', '', 'BARIEN', 'KATE', 'E', 'Female', '1998-06-15', 2, '4', '3023', 'barien_kate15@yahoo.com', '09662554514', '2019-04-15 13:39:59', 'APPROVED'),
(162, '2015-00049-CM-0', '', 'RESNERA', 'JULIE ANN', 'A', 'Female', '1998-07-29', 1, '4', '1121', 'julieann.resnera@gmail.com', '09163759075', '2019-04-15 13:41:59', 'APPROVED'),
(163, '2015-00041-CM-0', '', 'DELA CRUZ', 'ANN JADE', 'A', 'Female', '1998-10-30', 4, '4', '', 'ajadelacruz25@gmail.com', '09169186616', '2019-04-15 13:43:35', 'APPROVED'),
(164, '2015-00122-CM-0', '', 'INDIANO ', 'MARY ROSE', 'O', 'Female', '1998-12-07', 4, '4', '', 'maryrose31indiano@gmail.com', '09655065617', '2019-04-15 13:45:04', 'APPROVED'),
(166, '2015-00576-CM-0', '', 'GUARDA', 'JESSA MAE', 'S.', 'Female', '1998-03-15', 4, '4', '', 'iamjessaadraug@gmail.com', '09757886683', '2019-04-15 13:51:58', 'APPROVED'),
(167, '2015-00337-CM-0', '', 'BUNTAG', 'ANGELICA', 'G.', 'Female', '1998-11-01', 2, '4', '', 'angelicabuntag8@gmail.com', '09153537155', '2019-04-15 13:54:29', 'APPROVED'),
(168, '2015-00536-CM-0', '', 'GURROBAT', 'ANNECA', 'B.', 'Female', '1998-06-11', 2, '4', '1121', 'anneca.gurrobat@yahoo.com', '09065157831', '2019-04-15 13:56:16', 'APPROVED'),
(169, '2015-00582-CM-0', '', 'IGLOPAS', 'ALEXANDRA', 'M.', 'Female', '1999-05-10', 4, '4', '1116', 'alexandraiglopas@yahoo.com', '09085567579', '2019-04-15 13:58:04', 'APPROVED'),
(170, '2015-00078-CM-0', '', 'MONES', 'MARIANE', 'C.', 'Female', '1998-10-20', 5, '4', '', 'maryanamones@gmail.com', '09502096447', '2019-04-15 14:01:15', 'APPROVED'),
(171, '2015-00185-CM-0', '', 'CASENAS', 'RONALD ALLEN', 'B', 'Male', '1996-06-11', 3, '4', '1107', 'allenrabc11@gmail.com', '09453192272', '2019-04-15 14:05:13', 'APPROVED'),
(172, '2015-00120-CM-0', '', 'OPIALA', 'ANALIE', 'M.', 'Female', '1998-07-24', 2, '4', '1121', 'analie.opiala@gmail.com', '09202166810', '2019-04-15 14:06:57', 'APPROVED'),
(173, '2015-00166-CM-0', '', 'DELAVIN', 'KATHLEEN', 'G.', 'Female', '1999-02-11', 3, '4', '1423', 'kathdenzdhandarkris@gmail.com', '09950863194', '2019-04-15 14:10:40', 'APPROVED'),
(174, '2015-00301-CM-0', '', 'QUILAB', 'ANNA LAICA', 'A', 'Female', '1999-01-26', 5, '4', '1121', 'annalaicaarioquilab@gmail.com', '09468536510', '2019-04-15 14:12:48', 'APPROVED'),
(175, '2015-00121-CM-0', '', 'BAGATUA', 'JANE', 'E', 'Female', '1998-05-23', 2, '4', '1121', 'bagatuajane@gmail.com', '09563960082', '2019-04-15 14:14:40', 'APPROVED'),
(176, '2015-00233-CM-0', '', 'ABENADO', 'HAIZEL', 'C', 'Female', '1998-10-16', 4, '4', '', 'haizelcaneo16@gmail.com', '09357246575', '2019-04-15 14:17:56', 'APPROVED'),
(177, '2016-00611-CM-1', '', 'REYES', 'ROMMEL JAD', 'G.', 'Male', '1999-04-23', 3, '4', '1860', 'rommeljad0123@gmail.com', '09554783802', '2019-04-15 14:28:29', 'APPROVED'),
(178, '2015-00131-CM-0', '', 'RABULAN', 'HANNAH FRANCES', 'A.', 'Female', '0000-00-00', 2, '4', '3023', 'hannahfrancesrabulan@yahoo.com', '09052748443', '2019-04-15 14:30:50', 'APPROVED'),
(179, '2015-00393-CM-0', '', 'REYES', 'LOUIE MAY', 'S.', 'Female', '1997-05-17', 3, '4', '1108', 'reyeslouiemay@gmail.com', '09169177121', '2019-04-15 14:37:52', 'APPROVED'),
(180, '2015-00015-CM-0', '', 'BENSIG', 'REGINALD', 'M.', 'Male', '1999-05-20', 5, '4', '1127', 'bensigreginald@gmail.com', '09072896439', '2019-04-15 14:41:47', 'APPROVED'),
(181, '2015-00251-CM-0', '', 'DAHAN', 'SHYNE', 'L', 'Female', '1999-07-11', 5, '4', '', 'shynedahan1999@gmail.com', '09284570427', '2019-04-15 14:51:11', 'APPROVED'),
(182, '2016-00596-CM-1', '', 'CASTILAR', 'MARY JUSTINE', 'D', 'Female', '1999-04-26', 5, '4', '1119', 'castilar1999@gmail.com', '09461786760', '2019-04-15 14:52:51', 'APPROVED'),
(183, '2015-00201-CM-0', '', 'MENDOZA', 'SHARLOTTE', 'D', 'Female', '0000-00-00', 5, '4', '3023', 'shrltt.mendoza@gmail.com', '09954604600', '2019-04-15 14:54:44', 'APPROVED'),
(184, '2015-00281-CM-0', '', 'GONZALES', 'HAZEL ANNE', 'A', 'Female', '1990-09-11', 5, '4', '1425', 'shrltt.mendoza@gmail.com', '09954279985', '2019-04-15 14:59:01', 'APPROVED'),
(185, '2015-00142-CM-0', '', 'PACYAAN', 'FHILLIP', 'S', 'Male', '1995-02-24', 2, '4', '1119', 'fhillip24@gmail.com', '09479752760', '2019-04-15 15:01:26', 'APPROVED'),
(186, '2015-00008-CM-0', '', 'CADAVIDA', 'DANA MICHELLE', 'M', 'Female', '2000-06-13', 2, '4', '', 'dmcadavida@gmail.com', '09995815040', '2019-04-15 15:02:37', 'APPROVED'),
(187, '2015-00018-CM-0', '', 'CANCIO', 'CESS LEAH GRACE', 'O', 'Female', '2000-03-14', 2, '4', '1126', 'cessleahgrace@gmail.com', '09208352864', '2019-04-15 15:04:01', 'APPROVED'),
(188, '2015-00103-CM-0', '', 'BAJAR', 'MERYLL', 'M.', 'Female', '1998-08-01', 2, '4', '1860', 'bajarmeryll@gmail.com', '09262541418', '2019-04-15 15:05:44', 'APPROVED'),
(189, '2015-00215-CM-0', '', 'BENAVIDEZ', 'BARBARA NICOLE', 'R.', 'Female', '1998-09-01', 2, '4', '', 'barnibenavidez@gmail.com', '09267291142', '2019-04-15 15:08:11', 'APPROVED'),
(190, '2015-00225-CM-0', '', 'VARGAS', 'MARK ANGELO', 'P.', 'Male', '1999-04-06', 2, '4', '1121', 'markangelovargas10@gmail.com', '09504129020', '2019-04-15 15:11:38', 'APPROVED'),
(191, '2015-00079-CM-0', '', 'VILLAR', 'EDMAR', 'U', 'Male', '1998-10-01', 2, '4', '1121', 'villaredmar43@gmail.com', '09296797223', '2019-04-15 15:21:41', 'APPROVED'),
(192, '2015-00070-CM-0', '', 'SULAYAO', 'MARK ERIC', 'L', 'Male', '1999-01-17', 2, '4', '', 'ericsulayao01@gmail.com', '09350192138', '2019-04-15 15:32:21', 'APPROVED'),
(193, '2015-00343-CM-0', '', 'KILAT', 'ADRIANE', 'T', 'Male', '1996-12-02', 2, '4', '1119', 'adrianekilat@gmail.com', '09270727214', '2019-04-15 15:34:07', 'APPROVED'),
(194, '2015-00209-CM-0', '', 'OMANDAC', 'ANGELOU', 'M.', 'Female', '1998-11-09', 5, '4', '1121', 'angelomandac88@gmail.com', '09100837676', '2019-04-15 15:36:38', 'APPROVED'),
(195, '2015-00562-CM-0', '', 'CASUNCAD', 'KIMBERLY ANNE', 'E.', 'Female', '1998-10-28', 3, '4', '1120', 'kcasuncad@gmail.com', '09278597723', '2019-04-15 15:39:45', 'APPROVED'),
(196, '2015-00134-CM-0', '', 'ISORENA', 'MICHELLE', 'G', 'Female', '1998-12-05', 2, '4', '', 'isorenamich@gmail.com', '09205491498', '2019-04-15 15:43:03', 'APPROVED'),
(197, '2015-00231-CM-0', '', 'CINCO', 'CHRISTIAN', 'E', 'Male', '1998-10-10', 2, '4', '1860', 'christiancinco05@yahoo.com', '09285637827', '2019-04-15 15:48:09', 'APPROVED'),
(198, '2015-00402-CM-0', '', 'AGUILAR', 'RAIDEN PAUL', 'T.', 'Male', '1999-06-01', 2, '4', '', 'kurokymother@gmail.com', '09300498059', '2019-04-15 15:52:03', 'APPROVED'),
(199, '2015-00177-CM-0', '', 'BARRERA', 'CHIZHAN NATHANIEL', 'F', 'Male', '1998-12-09', 2, '4', '1119', 'chizhanbarrera@gmail.com', '09384441512', '2019-04-15 16:03:24', 'APPROVED'),
(200, '2015-00179-CM-0', '', 'PENA', 'PIA MAE', 'A', 'Female', '1997-05-19', 2, '4', '', 'penapiamae@yahoo.com', '09500212209', '2019-04-15 16:05:46', 'APPROVED'),
(201, '2015-00263-CM-0', '', 'TULAY', 'JERICKSON', 'L', 'Male', '1999-02-06', 3, '4', '1100', 'tulay.jerickson1999@yahoo.com.ph', '09195713378', '2019-04-15 16:35:16', 'APPROVED'),
(202, '2015-00057-CM-0', '', 'DELA CRUZ', 'LHENIE ROSE', 'R.', 'Female', '1999-08-26', 3, '4', '1860', 'rose.lhenie@gmail.com', '09084945617', '2019-04-15 16:39:23', 'APPROVED'),
(203, '2015-00275-CM-0', '', 'ONTANGCO', 'JAZVIR JON', 'M.', 'Male', '1999-06-06', 3, '4', '1117', 'jazvirontangco456@gmail.com', '09391807555', '2019-04-15 16:42:13', 'APPROVED'),
(204, '2015-00204-CM-0', '', 'CASTILLO', 'ANDREA NICOLE', 'J', 'Female', '1997-11-07', 1, '4', '1118', 'nikkicastillo620@gmail.com', '09969372956', '2019-04-15 17:03:01', 'APPROVED'),
(205, '2015-00095-CM-0', '', 'PANGANTIHON', 'DANDY', 'R.', 'Male', '1996-07-25', 3, '4', '1118', 'dandypangantihon@gmail.com', '09478836384', '2019-04-16 10:44:57', 'APPROVED'),
(206, '2017-00407-CM-1', '', 'BACANI', 'LYKA', 'R.', 'Female', '1998-09-14', 1, '4', '', 'bacani.dee@gmail.com', '09777639315', '2019-04-16 12:27:08', 'APPROVED'),
(207, '2015-00216-CM-0', '', 'ILLAZAR', 'ALFREDO', 'R.', 'Male', '1998-09-26', 1, '4', '1107', 'alfredoillazar01@gmail.com', '09261226953', '2019-04-16 12:55:47', 'APPROVED'),
(208, '2015-00265-CM-0', '', 'RESPECIA', 'CERIACO JR.', 'B', 'Male', '1998-10-03', 1, '4', '1118', 'respecia31@gmail.com', '', '2019-04-16 13:50:36', 'APPROVED'),
(209, '2015-00180-CM-0', '', 'CORPORAL', 'DAN ANGELO', 'L', 'Male', '1998-11-22', 1, '4', '', 'DACORPS1122@GMAIL.COM', '09198642907', '2019-04-16 13:53:06', 'APPROVED'),
(210, '2014-00318-CM-0', '', 'KINTANAR', 'BENJAMIN LEORIC', 'E.', 'Male', '1997-10-15', 2, '4', '1850', 'LEORICKINTANAR@YAHOO.COM', '09975132008', '2019-04-16 14:13:09', 'APPROVED'),
(211, '2015-00272-CM-0', '', 'CORTESIANO', 'BRYAN', 'B.', 'Male', '1998-02-26', 1, '4', '1121', 'cortesianobryanthegreat@gmail.com', '09126668324', '2019-04-16 14:23:58', 'APPROVED'),
(212, '2015-00034-CM-0', '', 'TENEZA', 'PETER JOHN ', '', 'Male', '1998-11-11', 1, '4', '1802', 'peterjohnteneza@gmail.com', '09264192129', '2019-04-16 15:54:54', 'APPROVED'),
(213, '2015-00083-CM-0', '', 'TORREFIEL', 'KIMBERLY COLLIN', 'P.', 'Female', '1997-08-25', 2, '4', '1123', 'kctorrefiel20@gmail.com', '09325109902', '2019-04-16 16:12:10', 'APPROVED'),
(214, '2015-00032-CM-0', '', 'PACOMA', 'KATHERINE', 'A', 'Female', '1998-08-21', 2, '4', '1119', 'pacomakatherine16@gmail.com', '09474272711', '2019-04-16 16:14:18', 'APPROVED'),
(215, '2015-00174-CM-0', '', 'GAMBOA', 'CHRISTIAN DOMINIC', 'H', 'Male', '1998-03-03', 2, '4', '', 'DOMINICG190@GAMIL.COM', '09095520625', '2019-04-16 16:26:00', 'APPROVED'),
(216, '2014-00317-CM-0', '', 'ARANTE', 'RAYMUND FIEL', 'C', 'Male', '1997-04-13', 2, '4', '', 'raymund_fiel@yahoo.com', '09262382400', '2019-04-16 16:28:01', 'APPROVED'),
(217, '2015-00110-CM-0', '', 'MENIADO', 'MELANIE', 'C', 'Female', '1999-09-23', 2, '4', '', 'meniadomelanie123@gmail.com', '09563845873', '2019-04-16 16:30:01', 'APPROVED'),
(218, '2015-00334-CM-0', '', 'FERNANDEZ', 'JUSTIN', 'P.', 'Male', '1997-06-15', 4, '4', '1121', 'justinfernandez792@gmail.com', '09301083622', '2019-04-22 09:29:05', 'APPROVED'),
(219, '2015-00408-CM-0', '', 'ANDEN', 'VANESSA', 'J.', 'Female', '1999-02-14', 3, '4', '1121', 'andenvanessa99@gmail.com', '09453253903', '2019-04-22 09:50:44', 'APPROVED'),
(220, '2015-00026-CM-0', '', 'BARRUN', 'MARICRIS', 'C.', 'Female', '1998-08-03', 3, '4', '', 'barrunmaricris@gmail.com', '09367426792', '2019-04-22 09:54:37', 'APPROVED'),
(221, '2015-00123-CM-0', '', 'PANCIPANE', 'PRINCE CARLO', 'M.', 'Male', '1996-11-10', 5, '4', '1106', 'princemelarpis@gmail.com', '09774531920', '2019-04-22 10:38:48', 'APPROVED'),
(222, '2015-00266-CM-0', '', 'VIRDIDA', 'MARVIN', 'V', 'Male', '1999-04-05', 5, '4', '1428', 'marvs.verdidzzz@gmail.com', '09457388662', '2019-04-22 10:41:46', 'APPROVED'),
(223, '2015-00670-CM-0', '', 'LUBONG', 'MARVIN', 'C', 'Male', '1998-04-08', 5, '4', '1106', 'marvinlubong@gmail.com', '09359325794', '2019-04-22 10:43:38', 'APPROVED'),
(224, '2015-00125-CM-0', '', 'ABORDO', 'LORELL', 'B.', 'Male', '1998-12-06', 5, '4', '3023', 'lorellabordo06@gmail.com', '09669582739', '2019-04-22 10:45:57', 'APPROVED'),
(225, '2015-00259-CM-0', '', 'ANACAN', 'KATHLEEN', 'S.', 'Female', '1996-03-24', 3, '4', '', 'kathleenanacan@gmail.com', '09205454048', '2019-04-22 10:47:59', 'APPROVED'),
(226, '2015-00181-CM-0', '', 'MENDOZA', 'ERICA', 'B', 'Female', '1998-10-12', 2, '4', '1119', 'ecamendoza12@yahoo.com', '09503921068', '2019-04-22 10:50:27', 'APPROVED'),
(227, '2015-00053-CM-0', '', 'DELA CERNA', 'SHAINA', 'D', 'Female', '1999-05-23', 5, '4', '', 'shaina.delacerna523@gmail.com', '09106031667', '2019-04-22 10:52:39', 'APPROVED'),
(229, '2015-00509-CM-0', '', 'SY', 'CHARLOTTE', '', 'Female', '1999-03-13', 6, '3', '', 'charlottedelvallesy@gmail.com', '09358578607', '2019-04-22 11:05:12', 'APPROVED'),
(230, '2015-00595-CM-0', '', 'ODULIO', 'DIANE FAYE', 'C', 'Female', '1999-02-01', 4, '4', '1121', 'dianeodulio@yahoo.com', '09352787939', '2019-04-22 11:07:09', 'APPROVED'),
(231, '2015-00155-CM-0', '', 'BUERE', 'KAREN', 'S.', 'Female', '1999-04-06', 5, '4', '', 'buerekaren@gmail.com', '09352201260', '2019-04-22 11:27:31', 'APPROVED'),
(232, '2015-00214-CM-0', '', 'CASTIL', 'LEONIZA', 'T.', 'Female', '1995-10-06', 5, '4', '', 'eunizsicat6@gmail.com', '09652419175', '2019-04-22 11:29:25', 'APPROVED'),
(233, '2015-00039-CM-0', '', 'MANIQUIZ', 'MARIELLE', 'D', 'Female', '1998-11-20', 2, '4', '', 'maruinquiry@gmail.com', '09176195046', '2019-04-22 11:31:52', 'APPROVED'),
(234, '2015-00148-CM-0', '', 'EUGENIO', 'LORA MAE', 'D', 'Female', '1998-12-08', 2, '4', '', 'loramaeraraeugenio@gmail.com', '09957338826', '2019-04-22 11:34:33', 'APPROVED'),
(235, '2015-00182-CM-0', '', 'DEQUINA', 'JOHN PAUL LOIS', 'B', 'Male', '1999-04-07', 2, '4', '1119', 'johnpauldequina.jp@gmail.com', '09613447369', '2019-04-22 11:38:03', 'APPROVED'),
(236, '2015-00116-CM-0', '', 'SUPERALES', 'MARIA JOAN', 'G', 'Female', '1996-10-19', 2, '4', '', 'mariajoansuperales@gmail.com', '09269744804', '2019-04-22 11:40:17', 'APPROVED'),
(237, '2015-00115-CM-0', '', 'EUGENIO', 'DARWIN', 'R', 'Male', '1999-06-06', 2, '4', '1125', 'darwineugenio03@gmail.com', '09217459184', '2019-04-22 11:43:01', 'APPROVED'),
(238, '2015-00213-CM-0', '', 'RAFAEL', 'ERALYN', 'G.', 'Female', '1997-08-12', 2, '4', '1121', 'rafaeleralyn@gmail.com', '09669934560', '2019-04-22 11:45:06', 'APPROVED'),
(239, '2015-00054-CM-0', '', 'BELTRAN', 'EUNICE', '', 'Female', '1997-03-15', 5, '4', '', 'eunicebeltran2018@gmail.com', '09669583144', '2019-04-22 11:48:24', 'APPROVED'),
(240, '2015-00662-CM-0', '', 'VALEZA', 'PAMELLA VIEED CAMILLE', 'M.', 'Female', '1999-03-17', 5, '4', '1427', 'phamvaleza@gmail.com', '09554339958', '2019-04-22 11:50:12', 'APPROVED'),
(241, '2015-00199-CM-0', '', 'VILLAMIN', 'DENZEL', 'S', 'Male', '1997-07-25', 5, '4', '3023', 'villamindenzel@gmail.com', '09304750640', '2019-04-22 11:51:41', 'APPROVED'),
(242, '2015-00291-CM-0', '', 'MURILLO', 'LADY KRIZZELLE', 'P', 'Female', '1998-10-03', 5, '4', '1121', 'elkipedrosoo@gmail.com', '09993180558', '2019-04-22 11:54:19', 'APPROVED'),
(243, '2015-00273-CM-0', '', 'NAEL', 'TRINAFELIZE', 'B.', 'Female', '1998-11-30', 5, '4', '1121', 'trinanael@gmail.com', '09260264681', '2019-04-22 11:56:59', 'APPROVED'),
(244, '2015-00554-CM-0', '', 'MAYO', 'JEROME BRYAN', 'D.', 'Male', '1998-11-11', 2, '4', '', 'jeromemayo82@gmail.com', '09368742878', '2019-04-22 12:01:06', 'APPROVED'),
(245, '2015-00403-CM-0', '', 'BALUYOT', 'EMILY', 'V', 'Female', '1998-10-25', 5, '4', '1121', 'baluyot.emily@yahoo.com', '09262837330', '2019-04-22 12:04:35', 'APPROVED'),
(246, '2015-00071-CM-0', '', 'ESTONILO', 'VENUS', '', 'Female', '1998-08-11', 2, '4', '1125', 'binushisula@gmail.com', '09098396030', '2019-04-22 12:32:23', 'APPROVED'),
(247, '2015-00187-CM-0', '', 'FORNOLES JR.', 'PABLITO', 'D', 'Male', '1998-03-03', 2, '4', '1125', 'pfornolesjr@gmail.com', '09770194349', '2019-04-22 12:34:12', 'APPROVED'),
(249, '2015-00338-CM-0', '', 'DAPUNAN', 'JOCELYN', 'L', 'Female', '1998-05-29', 5, '4', '1107', 'jocelyn_dapunan@yahoo.com', '09369361289', '2019-04-22 12:51:56', 'APPROVED'),
(250, '2015-00119-CM-0', '', 'VALERIO', 'JHONNA LYN', 'C', 'Female', '1998-06-15', 5, '4', '1119', 'valeriojhonna15@gmail.com', '09489019687', '2019-04-22 12:53:53', 'APPROVED'),
(251, '2015-00255-CM-0', '', 'ROXAS', 'SHAWNAE', 'R', 'Female', '1998-05-26', 3, '4', '1117', 'syoneyohoho26@gmail.com', '09101769573', '2019-04-22 12:56:18', 'APPROVED'),
(252, '2015-00240-CM-0', '', 'RABE', 'YELAIDA MAE', 'T', 'Female', '1998-07-14', 3, '4', '1400', 'yelaidarabe19@gmail.com', '09485570147', '2019-04-22 12:58:38', 'APPROVED'),
(253, '2015-00170-CM-0', '', 'GUZMAN', 'JAUSTIN MICHAEL', 'R.', 'Male', '1998-12-24', 3, '4', '1423', 'jaustinmichaelguzman@gmail.com', '09266515478', '2019-04-22 13:00:20', 'APPROVED'),
(255, '2015-00064-CM-0', '', 'INGUILLO', 'LILIBETH', 'B.', 'Female', '1997-10-17', 2, '4', '1119', 'inguillo.lilibeth@gmail.com', '09094738916', '2019-04-22 13:09:50', 'APPROVED'),
(256, '2015-00257-CM-0', '', 'MOSUELA', 'CRISTOPHER JOHN', 'S.', 'Male', '1999-06-17', 5, '4', '1121', 'mosuela.cristopher23@gmail.com', '09298373163', '2019-04-22 13:16:33', 'APPROVED'),
(257, '2015-00399-CM-0', '', 'ALTURA', 'ARVIN', 'C.', 'Male', '2019-04-21', 5, '4', '1121', 'arvinaltura012345@gmail.com', '09169353830', '2019-04-22 13:23:24', 'APPROVED'),
(258, '2015-00243-CM-0', '', 'BAÑA', 'ANGELICA', 'B', 'Female', '1999-04-11', 3, '4', '1121', 'angelicabana411@gmail.com', '09193551030', '2019-04-22 13:32:56', 'APPROVED'),
(259, '2015-00235-CM-0', '', 'MOLON', 'BILLVICTOR', 'S', 'Male', '1999-05-31', 3, '4', '1107', 'billvictorzxc@gmail.com', '09554708721', '2019-04-22 13:37:18', 'APPROVED'),
(260, '2015-00183-CM-0', '', 'AMMAK', 'ALWIN', '', 'Male', '1998-04-29', 3, '4', '1116', 'alwinammak@gmail.com', '09071775754', '2019-04-22 13:50:04', 'APPROVED'),
(262, '2015-00714-CM-1', '', 'GATPOLINTAN', 'KRISTELA', 'V', 'Female', '1997-10-28', 3, '4', '1121', 'kristelintan03@gmail.com', '09655061356', '2019-04-22 14:02:07', 'APPROVED'),
(263, '2015-00712-CM-1', '', 'LORIA', 'MARICAR', 'L', 'Female', '1997-06-26', 3, '4', '1121', 'maricarloria621@gmail.com', '', '2019-04-22 14:03:28', 'APPROVED'),
(264, '2015-00715-CM-1', '', 'ABANILLA', 'MAE', 'R', 'Female', '1997-05-31', 3, '4', '1121', 'maeabanilla08@gmail.com', '09457546445', '2019-04-22 14:05:27', 'APPROVED'),
(265, '2015-00036-CM-0', '', 'BAUTISTA', 'SARAH NICOLE', 'T.', 'Female', '1998-10-29', 1, '4', '1106', 'ayemeyynga.ho@gmail.com', '09057378739', '2019-04-22 14:07:25', 'APPROVED'),
(267, '2015-00084-CM-0', '', 'MONTANER', 'RANZ ANGELA', 'A', 'Female', '1999-09-29', 2, '4', '1400', 'ranzangelamontaner@gmail.com', '09126668011', '2019-04-22 14:11:43', 'APPROVED'),
(268, '2015-00249-CM-0', '', 'DEMANARIG', 'JESSICA', 'M', 'Female', '1998-10-01', 2, '4', '1121', 'jmdemanarig@gmail.com', '09771066463', '2019-04-22 14:18:08', 'APPROVED'),
(269, '2015-00025-CM-0', '', 'AROPON', 'MELESAND ', 'B', 'Female', '1998-11-06', 3, '4', '1118', 'melesandaropon@yahoo.com', '09215468590', '2019-04-22 14:21:08', 'APPROVED'),
(270, '2015-00101-CM-0', '', 'PAGADUAN', 'CHRISTOPHER', 'I.', 'Male', '1999-07-04', 2, '4', '1119', 'chrispagaduan42@yahooo.com', '09359618236', '2019-04-22 14:23:15', 'APPROVED'),
(271, '2015-00186-CM-0', '', 'RELACION', 'RODELLYN', 'S', 'Female', '1997-01-03', 5, '4', '1123', 'rodrelacion@gmail.com', '09163740989', '2019-04-22 14:25:47', 'APPROVED'),
(273, '2015-00264-CM-0', '', 'ROBIN', 'KAITH PAULA', 'B', 'Female', '1998-10-06', 5, '4', '1119', 'kai_th@yahoo.com.ph', '09179302675', '2019-04-22 14:37:28', 'APPROVED'),
(274, '2015-00258-CM-0', '', 'CLEOFAS', 'ALONDRA', 'V.', 'Female', '1999-01-08', 2, '4', '1121', 'alondra.cleofas24@gmail.com', '', '2019-04-22 14:40:56', 'APPROVED'),
(275, '2015-00091-CM-0', '', 'GUNGAB', 'CRYSTAL JOY', 'T.', 'Female', '1997-10-17', 1, '4', '1124', 'gungabcrystaljoy@yahoo.com', '09184456870', '2019-04-22 14:43:18', 'APPROVED'),
(276, '2015-00284-CM-0', '', 'MORONA', 'MA. PATRICIA', 'Z', 'Female', '1997-07-09', 4, '4', '1010', 'mapatriciazmorona@gmail.com', '09364211545', '2019-04-22 14:45:19', 'APPROVED'),
(278, '2015-00276-CM-0', '', 'VARGAS', 'JAREL', 'H', 'Male', '1997-07-29', 2, '4', '1442', 'greyscalejarel@gmail.com', '09284147604', '2019-04-22 14:55:44', 'APPROVED'),
(279, '2015-00133-CM-0', '', 'ORLINO', 'LOUELLA', 'R', 'Female', '1998-12-01', 3, '4', '1427', 'lrojlgc@gmail.com', '09461465517', '2019-04-22 15:10:52', 'APPROVED'),
(280, '2015-00006-CM-0', '', 'PARADO', 'AIRA MAE', 'O.', 'Female', '1999-08-22', 2, '4', '1119', 'paradoam@gmail.com', '09995822554', '2019-04-22 15:14:15', 'APPROVED'),
(281, '2015-00146-CM-0', '', 'CABUHAY', 'NICOLE KEITH', 'F', 'Female', '1999-03-23', 3, '4', '1860', 'ncabuhay@gmail.com', '09959203453', '2019-04-22 15:38:33', 'APPROVED'),
(282, '2015-00626-CM-0', '', 'MALLETE', 'HANNA STEPHANE', 'L', 'Female', '1998-12-20', 3, '4', '1860', 'hannastephanemallete@gmail.com', '09301640927', '2019-04-22 15:40:48', 'APPROVED'),
(283, '2015-00346-CM-0', '', 'SANTOS', 'AILEEN', 'S.', 'Female', '1999-04-28', 4, '4', '1121', 'eyyy998@gmail.com', '09677060171', '2019-04-22 15:42:57', 'APPROVED'),
(284, '2015-00247-CM-0', '', 'SEVILLA', 'EVANGELYN', 'D.', 'Female', '1998-12-16', 2, '4', '1117', 'evangelynsevilla16@gmail.com', '09205422108', '2019-04-22 15:45:52', 'APPROVED'),
(285, '2015-00246-CM-0', '', 'TOCMO', 'VANESSA', 'B', 'Female', '1998-09-30', 2, '4', '1116', 'vanessatocmo@gmai.com', '09757009311', '2019-04-22 15:48:34', 'APPROVED'),
(286, '2015-00089-CM-0', '', 'MAGAUAY', 'DAISY ROSE', 'S.', 'Female', '1998-11-25', 2, '4', '1127', 'daisyrosemagauay@gmail.com', '09068675900', '2019-04-22 15:53:18', 'APPROVED'),
(287, '2015-00227-CM-0', '', 'ABANTE', 'EDUARD JR.', 'R.', 'Male', '1999-11-05', 2, '4', '1127', 'eduardabante@yahoo.com', '09234085326', '2019-04-22 15:55:35', 'APPROVED'),
(288, '2015-00394-CM-0', '', 'DIZON', 'MALENE', 'G.', 'Female', '1998-06-10', 1, '4', '1119', 'malenedizon@gmail.com', '', '2019-04-22 16:01:53', 'APPROVED'),
(289, '2015-00098-CM-0', '', 'CLAUDIO', 'MIICHAELLA', 'D.', 'Female', '1998-08-17', 2, '4', '1600', 'mikayclaudio@gmail.com', '09075864168', '2019-04-22 16:07:23', 'APPROVED'),
(290, '2015-00241-CM-0', '', 'CORNELIO', 'SHENALYN', 'B.', 'Female', '1999-01-13', 2, '4', '1117', 'cornelioshenalyn@gmail.com', '09993702225', '2019-04-22 16:16:22', 'APPROVED'),
(291, '2015-00706-CM-1', '', 'PESTANAS', 'KATE CREZYL ', 'U.', 'Female', '1997-11-16', 2, '4', '1860', 'katecrezylpestanas@gmail.com', '09465655502', '2019-04-22 16:17:45', 'APPROVED'),
(292, '2015-00055-CM-0', '', 'GONDONG', 'MINETTE', 'M.', 'Female', '1998-11-02', 2, '4', '1400', 'minettegondong@gmail.com', '09070850237', '2019-04-22 16:19:27', 'APPROVED'),
(293, '2015-00052-CM-0', '', 'TAN', 'SHANAIAH CLAIRE', 'A', 'Female', '1998-08-28', 2, '4', '1121', 'shanaiahclairetan@gmail.com', '09368244001', '2019-04-22 16:21:50', 'APPROVED'),
(294, '2015-00150-CM-0', '', 'RAJAS', 'JUDIELYN', '', 'Female', '1997-06-06', 2, '4', '1121', 'judyrajas66@gmail.com', '09195253496', '2019-04-22 16:23:11', 'APPROVED'),
(295, '2015-00151-CM-0', '', 'VILLARIN', 'JESSEBEL', 'T.', 'Female', '1998-12-23', 2, '4', '1127', 'jessevillarin@gmail.com', '09357558996', '2019-04-22 16:25:09', 'APPROVED'),
(296, '2015-00401-CM-0', '', 'DOCTOR', 'JOENARD', 'C', 'Male', '1995-01-09', 2, '4', '1127', 'jojoastig123@yahoo.com', '09063184436', '2019-04-22 16:30:18', 'APPROVED'),
(297, '2015-00046-CM-0', '', 'ALVIOR', 'KEITH EYVAN', 'N', 'Male', '1999-03-26', 1, '4', '1121', 'alviorkeitheyvan@gmail.com', '09203439432', '2019-04-22 16:34:04', 'APPROVED');
INSERT INTO `t_student_info` (`stud_ID`, `stud_number`, `stud_lref_num`, `stud_lastname`, `stud_givenname`, `stud_middleinit`, `stud_sex`, `stud_birthdate`, `stud_degree_prog`, `stud_year_level`, `stud_zipcode`, `stud_email_add`, `stud_mobile_number`, `stud_timestamp`, `stud_transact_stat`) VALUES
(298, '2015-00386-CM-0', '', 'FARA-ON', 'MARIA FE', 'L', 'Female', '1997-05-28', 2, '4', '1121', 'faraonmariafe1@gmail.com', '09213930656', '2019-04-22 16:37:15', 'APPROVED'),
(299, '2015-00024-CM-0', '', 'MARTINEZ', 'NEIL', 'V', 'Male', '1999-03-06', 2, '4', '1121', 'chizneilmartinez@yahoo.com', '09476966601', '2019-04-22 16:38:39', 'APPROVED'),
(300, '2015-00160-CM-0', '', 'IRINCO', 'JETHRO', 'C', 'Male', '1999-01-27', 2, '4', '1121', 'irincojethro27@gmail.com', '09662845336', '2019-04-22 16:40:45', 'APPROVED'),
(301, '2015-00112-CM-0', '', 'KUBO', 'ALLAN', 'R', 'Male', '1989-10-18', 4, '4', '1126', 'enalla_etuc@yahoo.com.ph', '09090858077', '2019-04-22 16:46:15', 'APPROVED'),
(302, '2015-00126-CM-0', '', 'MABANES', 'NICOLE JOY', 'C', 'Female', '2000-01-07', 2, '4', '1123', 'imnicolemabanes@gmail.com', '09667782669', '2019-04-22 16:48:40', 'APPROVED'),
(303, '2015-00161-CM-0', '', 'PONTESOR', 'JENNYLYN', '', 'Female', '1995-12-28', 2, '4', '1116', 'jpontesor77@gmail.com', '09460080265', '2019-04-22 16:50:38', 'APPROVED'),
(304, '2015-00316-CM-0', '', 'NOEL', 'KENNA JOYCE ANNE ', 'J.', 'Female', '1998-03-12', 3, '4', '1121', 'kenjoan012@gmail.com', '09758415091', '2019-04-22 16:55:02', 'APPROVED'),
(305, '2015-00086-CM-0', '', 'DUQUE', 'CATHERINE', 'O.', 'Female', '1998-01-06', 2, '4', '1424', 'cathereyna06@gmail.com', '09156776038', '2019-04-22 17:02:28', 'APPROVED'),
(306, '2015-00020-CM-0', '', 'DUGAY', 'ROSEMARIE JHANE', 'G.', 'Female', '1999-08-26', 2, '4', '1121', 'rosamarie.juana@gmail.com', '09086098462', '2019-04-22 17:09:52', 'APPROVED'),
(307, '2015-00629-CM-0', '', 'BALALA', 'SHAIRINE', 'L', 'Female', '1999-01-24', 3, '4', '1800', 'shairinelbalala@gmail.com', '09073402161', '2019-04-22 17:17:01', 'APPROVED'),
(308, '2015-00621-CM-0', '', 'LEE', 'JUSTINE KAYE', 'M', 'Female', '1999-05-15', 2, '4', '1101', 'justinekaye15@yahoo.com', '09367806260', '2019-04-22 17:19:41', 'APPROVED'),
(309, '2015-00567-CM-0', '', 'ESPARAGOZA', 'CHERRYLOU ', 'P', 'Female', '1998-09-19', 2, '4', '1121', 'chrysprgza@yahoo.com', '09654871433', '2019-04-24 11:11:42', 'APPROVED'),
(310, '2015-00219-CM-0', '', 'MARASIGAN', 'JOSHUA', 'G', 'Male', '1997-08-17', 2, '4', '1117', 'marasiganhsoj1997@gmail.com', '09167045921', '2019-04-24 11:12:45', 'APPROVED'),
(311, '2015-00139-CM-0', '', 'AZON', 'VINCENT', 'B.', 'Male', '1999-06-01', 5, '4', '3023', 'bisente.azon@gmail.com', '09756722530', '2019-04-24 11:14:53', 'APPROVED'),
(312, '2015-00165-CM-0', '', 'SANCHEZ', 'MICO', 'D.', 'Male', '1998-12-12', 2, '4', '1420', 'comycz@yahoo.com', '09479637564', '2019-04-24 12:21:27', 'APPROVED'),
(313, '2015-00059-CM-0', '', 'LEOPANDO', 'KARL VEANNE', 'T', 'Female', '1998-10-08', 2, '4', '1119', 'iamveanne@gmail.com', '09359933465', '2019-04-24 12:57:02', 'APPROVED'),
(314, '2015-00564-CM-0', '', 'MENIL', 'ADRIAN NHELL', 'T', 'Male', '1995-08-10', 3, '4', '1128', 'arckaneannoh@gmail.com', '09756337405', '2019-04-24 13:40:36', 'APPROVED'),
(315, '2015-00085-CM-0', '', 'SANCHEZ', 'PHILIP RYAN', 'J', 'Male', '2019-10-13', 2, '4', '1428', 'prj.sanchez@gmail.com', '09463511443', '2019-04-24 14:07:46', 'APPROVED'),
(317, '2015-00159-CM-0', '', 'MEJIA', 'MARIE FEL', 'A', 'Female', '1999-02-24', 2, '4', '1119', 'mejiamariefel@yahoo.com', '09484991530', '2019-04-24 15:04:32', 'APPROVED'),
(318, '2015-00074-CM-0', '', 'FELICIANO', 'SHULAM MAE', 'F', 'Female', '1998-05-06', 2, '4', '1424', 'shulam.feliciano11@gmail.com', '09970880892', '2019-04-24 15:57:29', 'APPROVED'),
(319, '2014-00083-CM-0', '', 'SOLIJON', 'GREG COLLIN', 'L', 'Male', '1998-02-16', 1, '4', '1118', 'gcsolijon16@gmail.com', '09303231215', '2019-04-24 16:04:21', 'APPROVED'),
(320, '2014-00230-CM-0', '', 'PADRIGO', 'ANGEL FAYE', 'C', 'Female', '1997-10-02', 5, '4', '1127', 'angel10297padrigo@gmail.com', '09151368338', '2019-04-25 10:57:08', 'APPROVED'),
(321, '2015-00157-CM-0', '', 'DADULA', 'JOSHUA', 'D.', 'Male', '1998-12-31', 2, '4', '1010', '', '', '2019-04-25 10:58:03', 'APPROVED'),
(322, '2015-00212-CM-0', '', 'CABRERA', 'KIMBERLY', 'A.', 'Female', '1998-01-03', 3, '4', '1126', 'khimcabrera@gmail.com', '09051550417', '2019-04-25 11:20:57', 'APPROVED'),
(323, '2014-00148-CM-0', '', 'NAVARRO', 'MARIANE NICOLE', 'R.', 'Female', '1997-11-03', 2, '4', '1124', 'marianenrnv@gmail.com', '09754188973', '2019-04-25 11:42:07', 'APPROVED'),
(324, '2014-00583-CM-0', '', 'HOMEREZ', 'YVRALEEN ANTOINNE ', 'A', 'Female', '1997-01-12', 4, '4', '1400', 'yhomerez@yahoo.com', '09267355596', '2019-04-25 14:07:03', 'APPROVED'),
(325, '2015-00563-CM-0', '', 'AQUINO', 'IBELLE GELAINE', 'S', 'Female', '1998-11-30', 2, '4', '1121', 'ibelleaquino@gmail.com', '09493160201', '2019-04-25 14:29:18', 'APPROVED'),
(326, '2015-00167-CM-0', '', 'MEDINA', 'WINDE', 'B.', 'Female', '1998-04-08', 5, '4', '1121', 'winry.medina14@gmail.com', '09359856442', '2019-04-25 14:43:03', 'APPROVED'),
(327, '2015-00230-CM-0', '', 'DUBLIN', 'MARJORIE', 'V', 'Female', '1999-02-10', 3, '4', '1126', 'dublinmarjorie@gmail.com', '09217356562', '2019-04-25 14:48:37', 'APPROVED'),
(328, '2015-00391-CM-0', '', 'KAHULUGAN', 'DANIEL DOMINIQUE', 'O.', 'Male', '1997-04-11', 4, '4', '1121', 'danieldominiquekahulugan@gmail.com', '09294926588', '2019-04-26 11:46:15', 'APPROVED'),
(329, '2015-00017-CM-0', '', 'SIDHU', 'GABRIEL', 'V.', 'Male', '1995-07-15', 2, '', '1421', 'sidhugabriel@gmail.com', '09479762252', '2019-04-26 15:33:51', 'APPROVED'),
(330, '2015-00220-CM-0', '', 'OCAMPO', 'MA. CARMELLA', 'S', 'Female', '1999-08-07', 2, '4', '1116', 'carmella.ocampo07@gmail.com', '09215264613', '2019-04-26 15:37:21', 'APPROVED'),
(331, '2015-00058-CM-0', '', 'JALA', 'HARVEY', 'D', 'Male', '1998-04-14', 2, '4', '1428', 'harvey_jala21@yahoo.com', '09205309174', '2019-04-26 16:32:21', 'APPROVED'),
(332, '2015-00274-CM-0', '', 'DE VERA', 'MICKA ABEGAIL', 'A.', 'Female', '1999-03-14', 5, '4', '1850', 'mickadevera15@gmail.com', '09561386377', '2019-04-26 17:50:04', 'APPROVED'),
(333, '2015-00288-CM-0', '', 'USMAN', 'ARMINA', 'A.', 'Female', '1999-01-10', 6, '3', '1116', 'minausman@gmail.com', '09158208797', '2019-04-30 14:54:40', 'APPROVED'),
(334, '2015-00248-CM-0', '', 'DOLOROSA', 'JOHN HAROLD', 'D', 'Male', '1997-11-09', 2, '4', '1116', 'johnharolddolorosa@yahoo.com', '09478320757', '2019-04-30 14:57:04', 'APPROVED'),
(335, '2015-00108-CM-0', '', 'TINAMBACAN', 'SILVESTRE III', 'T', 'Male', '1999-06-14', 5, '4', '1400', 'tinambacansilvestre@gmail.com', '09568133239', '2019-05-08 13:39:01', 'APPROVED');

-- --------------------------------------------------------

--
-- Table structure for table `t_student_transact`
--

CREATE TABLE `t_student_transact` (
  `strs_ID` int(10) NOT NULL,
  `strs_stud_num` varchar(30) NOT NULL,
  `strs_prtclr_ref` int(10) NOT NULL,
  `strs_timestamp` datetime NOT NULL
) ENGINE=InnoDB DEFAULT CHARSET=latin1;

--
-- Dumping data for table `t_student_transact`
--

INSERT INTO `t_student_transact` (`strs_ID`, `strs_stud_num`, `strs_prtclr_ref`, `strs_timestamp`) VALUES
(1, '2015-00044-CM-0', 1, '2019-04-11 16:18:38'),
(2, '2015-00044-CM-0', 2, '2019-04-11 16:18:38'),
(3, '2015-00044-CM-0', 3, '2019-04-11 16:18:38'),
(4, '2015-00044-CM-0', 4, '2019-04-11 16:18:38'),
(5, '2015-00044-CM-0', 5, '2019-04-11 16:18:38'),
(6, '2015-00194-CM-0', 1, '2019-04-11 16:20:59'),
(7, '2015-00194-CM-0', 2, '2019-04-11 16:20:59'),
(8, '2015-00194-CM-0', 3, '2019-04-11 16:20:59'),
(9, '2015-00194-CM-0', 4, '2019-04-11 16:20:59'),
(10, '2015-00194-CM-0', 5, '2019-04-11 16:20:59'),
(11, '2015-00075-CM-0', 1, '2019-04-11 16:23:31'),
(12, '2015-00075-CM-0', 2, '2019-04-11 16:23:31'),
(13, '2015-00075-CM-0', 3, '2019-04-11 16:23:31'),
(14, '2015-00075-CM-0', 4, '2019-04-11 16:23:31'),
(15, '2015-00075-CM-0', 5, '2019-04-11 16:23:31'),
(16, '2015-00065-CM-0', 1, '2019-04-11 16:25:10'),
(17, '2015-00065-CM-0', 2, '2019-04-11 16:25:10'),
(18, '2015-00065-CM-0', 3, '2019-04-11 16:25:10'),
(19, '2015-00065-CM-0', 4, '2019-04-11 16:25:10'),
(20, '2015-00065-CM-0', 5, '2019-04-11 16:25:10'),
(21, '2015-00004-CM-0', 1, '2019-04-11 16:26:45'),
(22, '2015-00004-CM-0', 2, '2019-04-11 16:26:45'),
(23, '2015-00004-CM-0', 3, '2019-04-11 16:26:45'),
(24, '2015-00004-CM-0', 4, '2019-04-11 16:26:45'),
(25, '2015-00004-CM-0', 5, '2019-04-11 16:26:45'),
(26, '2015-00141-CM-0', 1, '2019-04-11 16:29:38'),
(27, '2015-00141-CM-0', 2, '2019-04-11 16:29:38'),
(28, '2015-00141-CM-0', 3, '2019-04-11 16:29:38'),
(29, '2015-00141-CM-0', 4, '2019-04-11 16:29:38'),
(30, '2015-00141-CM-0', 5, '2019-04-11 16:29:38'),
(31, '2015-00147-CM-0', 1, '2019-04-11 16:33:56'),
(32, '2015-00147-CM-0', 2, '2019-04-11 16:33:56'),
(33, '2015-00147-CM-0', 3, '2019-04-11 16:33:56'),
(34, '2015-00147-CM-0', 4, '2019-04-11 16:33:56'),
(35, '2015-00147-CM-0', 5, '2019-04-11 16:33:57'),
(36, '2015-00040-CM-0', 1, '2019-04-11 16:35:39'),
(37, '2015-00040-CM-0', 2, '2019-04-11 16:35:39'),
(38, '2015-00040-CM-0', 3, '2019-04-11 16:35:40'),
(39, '2015-00040-CM-0', 4, '2019-04-11 16:35:40'),
(40, '2015-00040-CM-0', 5, '2019-04-11 16:35:40'),
(41, '2015-00019-CM-0', 1, '2019-04-11 16:38:08'),
(42, '2015-00019-CM-0', 2, '2019-04-11 16:38:08'),
(43, '2015-00019-CM-0', 3, '2019-04-11 16:38:08'),
(44, '2015-00019-CM-0', 4, '2019-04-11 16:38:08'),
(45, '2015-00019-CM-0', 5, '2019-04-11 16:38:08'),
(46, '2015-00175-CM-0', 1, '2019-04-11 16:40:17'),
(47, '2015-00175-CM-0', 2, '2019-04-11 16:40:17'),
(48, '2015-00175-CM-0', 3, '2019-04-11 16:40:17'),
(49, '2015-00175-CM-0', 4, '2019-04-11 16:40:17'),
(50, '2015-00175-CM-0', 5, '2019-04-11 16:40:17'),
(51, '2015-00211-CM-0', 1, '2019-04-11 16:42:33'),
(52, '2015-00211-CM-0', 2, '2019-04-11 16:42:33'),
(53, '2015-00211-CM-0', 3, '2019-04-11 16:42:33'),
(54, '2015-00211-CM-0', 4, '2019-04-11 16:42:33'),
(55, '2015-00211-CM-0', 5, '2019-04-11 16:42:33'),
(56, '2015-00200-CM-0', 1, '2019-04-11 16:44:22'),
(57, '2015-00200-CM-0', 2, '2019-04-11 16:44:22'),
(58, '2015-00200-CM-0', 3, '2019-04-11 16:44:22'),
(59, '2015-00200-CM-0', 4, '2019-04-11 16:44:22'),
(60, '2015-00200-CM-0', 5, '2019-04-11 16:44:23'),
(61, '2015-00048-CM-0', 1, '2019-04-11 16:48:00'),
(62, '2015-00048-CM-0', 2, '2019-04-11 16:48:00'),
(63, '2015-00048-CM-0', 3, '2019-04-11 16:48:00'),
(64, '2015-00048-CM-0', 4, '2019-04-11 16:48:00'),
(65, '2015-00048-CM-0', 5, '2019-04-11 16:48:00'),
(66, '2015-00192-CM-0', 1, '2019-04-11 16:49:29'),
(67, '2015-00192-CM-0', 2, '2019-04-11 16:49:29'),
(68, '2015-00192-CM-0', 3, '2019-04-11 16:49:29'),
(69, '2015-00192-CM-0', 4, '2019-04-11 16:49:29'),
(70, '2015-00192-CM-0', 5, '2019-04-11 16:49:29'),
(71, '2015-00152-CM-0', 1, '2019-04-11 16:50:31'),
(72, '2015-00152-CM-0', 2, '2019-04-11 16:50:31'),
(73, '2015-00152-CM-0', 3, '2019-04-11 16:50:31'),
(74, '2015-00152-CM-0', 4, '2019-04-11 16:50:31'),
(75, '2015-00152-CM-0', 5, '2019-04-11 16:50:31'),
(76, '2015-00135-CM-0', 1, '2019-04-11 16:51:42'),
(77, '2015-00135-CM-0', 2, '2019-04-11 16:51:42'),
(78, '2015-00135-CM-0', 3, '2019-04-11 16:51:42'),
(79, '2015-00135-CM-0', 4, '2019-04-11 16:51:42'),
(80, '2015-00135-CM-0', 5, '2019-04-11 16:51:42'),
(81, '2015-00118-CM-0', 1, '2019-04-11 16:52:54'),
(82, '2015-00118-CM-0', 2, '2019-04-11 16:52:54'),
(83, '2015-00118-CM-0', 3, '2019-04-11 16:52:54'),
(84, '2015-00118-CM-0', 4, '2019-04-11 16:52:54'),
(85, '2015-00118-CM-0', 5, '2019-04-11 16:52:55'),
(86, '2015-00080-CM-0', 1, '2019-04-11 16:57:31'),
(87, '2015-00080-CM-0', 2, '2019-04-11 16:57:31'),
(88, '2015-00080-CM-0', 3, '2019-04-11 16:57:31'),
(89, '2015-00080-CM-0', 4, '2019-04-11 16:57:31'),
(90, '2015-00080-CM-0', 5, '2019-04-11 16:57:31'),
(91, '2015-00138-CM-0', 1, '2019-04-11 16:59:26'),
(92, '2015-00138-CM-0', 2, '2019-04-11 16:59:27'),
(93, '2015-00138-CM-0', 3, '2019-04-11 16:59:27'),
(94, '2015-00138-CM-0', 4, '2019-04-11 16:59:27'),
(95, '2015-00138-CM-0', 5, '2019-04-11 16:59:27'),
(101, '2015-00410-CM-0', 1, '2019-04-11 17:03:11'),
(102, '2015-00410-CM-0', 2, '2019-04-11 17:03:11'),
(103, '2015-00410-CM-0', 3, '2019-04-11 17:03:11'),
(104, '2015-00410-CM-0', 4, '2019-04-11 17:03:11'),
(105, '2015-00410-CM-0', 5, '2019-04-11 17:03:11'),
(106, '2015-00073-CM-0', 1, '2019-04-11 17:04:09'),
(107, '2015-00073-CM-0', 2, '2019-04-11 17:04:09'),
(108, '2015-00073-CM-0', 3, '2019-04-11 17:04:09'),
(109, '2015-00073-CM-0', 4, '2019-04-11 17:04:09'),
(110, '2015-00073-CM-0', 5, '2019-04-11 17:04:09'),
(111, '2015-00106-CM-0', 1, '2019-04-11 17:39:31'),
(112, '2015-00106-CM-0', 2, '2019-04-11 17:39:31'),
(113, '2015-00106-CM-0', 3, '2019-04-11 17:39:31'),
(114, '2015-00106-CM-0', 4, '2019-04-11 17:39:31'),
(115, '2015-00106-CM-0', 5, '2019-04-11 17:39:31'),
(116, '2015-00014-CM-0', 1, '2019-04-11 17:41:03'),
(117, '2015-00014-CM-0', 2, '2019-04-11 17:41:03'),
(118, '2015-00014-CM-0', 3, '2019-04-11 17:41:03'),
(119, '2015-00014-CM-0', 4, '2019-04-11 17:41:03'),
(120, '2015-00014-CM-0', 5, '2019-04-11 17:41:03'),
(121, '2015-00193-CM-0', 1, '2019-04-11 17:42:56'),
(122, '2015-00193-CM-0', 2, '2019-04-11 17:42:56'),
(123, '2015-00193-CM-0', 3, '2019-04-11 17:42:56'),
(124, '2015-00193-CM-0', 4, '2019-04-11 17:42:56'),
(125, '2015-00193-CM-0', 5, '2019-04-11 17:42:56'),
(126, '2015-00171-CM-0', 1, '2019-04-12 09:01:45'),
(127, '2015-00171-CM-0', 2, '2019-04-12 09:01:45'),
(128, '2015-00171-CM-0', 3, '2019-04-12 09:01:45'),
(129, '2015-00171-CM-0', 4, '2019-04-12 09:01:45'),
(130, '2015-00171-CM-0', 5, '2019-04-12 09:01:45'),
(131, '2015-00168-CM-0', 1, '2019-04-12 09:04:34'),
(132, '2015-00168-CM-0', 2, '2019-04-12 09:04:34'),
(133, '2015-00168-CM-0', 3, '2019-04-12 09:04:34'),
(134, '2015-00168-CM-0', 4, '2019-04-12 09:04:34'),
(135, '2015-00168-CM-0', 5, '2019-04-12 09:04:34'),
(136, '2015-00306-CM-0', 1, '2019-04-12 09:52:14'),
(137, '2015-00306-CM-0', 2, '2019-04-12 09:52:14'),
(138, '2015-00306-CM-0', 3, '2019-04-12 09:52:14'),
(139, '2015-00306-CM-0', 4, '2019-04-12 09:52:14'),
(140, '2015-00306-CM-0', 5, '2019-04-12 09:52:14'),
(141, '2015-00631-CM-0', 1, '2019-04-12 09:54:47'),
(142, '2015-00631-CM-0', 2, '2019-04-12 09:54:47'),
(143, '2015-00631-CM-0', 3, '2019-04-12 09:54:47'),
(144, '2015-00631-CM-0', 4, '2019-04-12 09:54:47'),
(145, '2015-00631-CM-0', 5, '2019-04-12 09:54:47'),
(146, '2015-00011-CM-0', 1, '2019-04-12 10:58:59'),
(147, '2015-00011-CM-0', 2, '2019-04-12 10:58:59'),
(148, '2015-00011-CM-0', 3, '2019-04-12 10:58:59'),
(149, '2015-00011-CM-0', 4, '2019-04-12 10:58:59'),
(150, '2015-00011-CM-0', 5, '2019-04-12 10:58:59'),
(151, '2015-00038-CM-0', 1, '2019-04-12 11:00:59'),
(152, '2015-00038-CM-0', 2, '2019-04-12 11:00:59'),
(153, '2015-00038-CM-0', 3, '2019-04-12 11:00:59'),
(154, '2015-00038-CM-0', 4, '2019-04-12 11:00:59'),
(155, '2015-00038-CM-0', 5, '2019-04-12 11:00:59'),
(156, '2015-00154-CM-0', 1, '2019-04-12 11:02:47'),
(157, '2015-00154-CM-0', 2, '2019-04-12 11:02:47'),
(158, '2015-00154-CM-0', 3, '2019-04-12 11:02:47'),
(159, '2015-00154-CM-0', 4, '2019-04-12 11:02:47'),
(160, '2015-00154-CM-0', 5, '2019-04-12 11:02:47'),
(161, '2015-00321-CM-0', 1, '2019-04-12 11:05:10'),
(162, '2015-00321-CM-0', 2, '2019-04-12 11:05:10'),
(163, '2015-00321-CM-0', 3, '2019-04-12 11:05:10'),
(164, '2015-00321-CM-0', 4, '2019-04-12 11:05:11'),
(165, '2015-00321-CM-0', 5, '2019-04-12 11:05:11'),
(166, '2015-00023-CM-0', 1, '2019-04-12 11:06:43'),
(167, '2015-00023-CM-0', 2, '2019-04-12 11:06:43'),
(168, '2015-00023-CM-0', 3, '2019-04-12 11:06:43'),
(169, '2015-00023-CM-0', 4, '2019-04-12 11:06:43'),
(170, '2015-00023-CM-0', 5, '2019-04-12 11:06:43'),
(171, '2015-00068-CM-0', 1, '2019-04-12 11:09:18'),
(172, '2015-00068-CM-0', 2, '2019-04-12 11:09:18'),
(173, '2015-00068-CM-0', 3, '2019-04-12 11:09:18'),
(174, '2015-00068-CM-0', 4, '2019-04-12 11:09:18'),
(175, '2015-00068-CM-0', 5, '2019-04-12 11:09:18'),
(176, '2015-00069-CM-0', 1, '2019-04-12 11:10:30'),
(177, '2015-00069-CM-0', 2, '2019-04-12 11:10:30'),
(178, '2015-00069-CM-0', 3, '2019-04-12 11:10:30'),
(179, '2015-00069-CM-0', 4, '2019-04-12 11:10:30'),
(180, '2015-00069-CM-0', 5, '2019-04-12 11:10:30'),
(181, '2015-00682-CM-0', 1, '2019-04-12 11:13:16'),
(182, '2015-00682-CM-0', 2, '2019-04-12 11:13:16'),
(183, '2015-00682-CM-0', 3, '2019-04-12 11:13:16'),
(184, '2015-00682-CM-0', 4, '2019-04-12 11:13:16'),
(185, '2015-00682-CM-0', 5, '2019-04-12 11:13:16'),
(186, '2015-00379-CM-0', 1, '2019-04-12 11:15:29'),
(187, '2015-00379-CM-0', 2, '2019-04-12 11:15:29'),
(188, '2015-00379-CM-0', 3, '2019-04-12 11:15:29'),
(189, '2015-00379-CM-0', 4, '2019-04-12 11:15:29'),
(190, '2015-00379-CM-0', 5, '2019-04-12 11:15:29'),
(191, '2015-00137-CM-0', 1, '2019-04-12 11:17:29'),
(192, '2015-00137-CM-0', 2, '2019-04-12 11:17:29'),
(193, '2015-00137-CM-0', 3, '2019-04-12 11:17:29'),
(194, '2015-00137-CM-0', 4, '2019-04-12 11:17:29'),
(195, '2015-00137-CM-0', 5, '2019-04-12 11:17:29'),
(196, '2014-00165-CM-0', 1, '2019-04-12 11:20:10'),
(197, '2014-00165-CM-0', 2, '2019-04-12 11:20:10'),
(198, '2014-00165-CM-0', 3, '2019-04-12 11:20:10'),
(199, '2014-00165-CM-0', 4, '2019-04-12 11:20:10'),
(200, '2014-00165-CM-0', 5, '2019-04-12 11:20:10'),
(201, '2015-00164-CM-0', 1, '2019-04-12 11:24:08'),
(202, '2015-00164-CM-0', 2, '2019-04-12 11:24:08'),
(203, '2015-00164-CM-0', 3, '2019-04-12 11:24:08'),
(204, '2015-00164-CM-0', 4, '2019-04-12 11:24:08'),
(205, '2015-00164-CM-0', 5, '2019-04-12 11:24:08'),
(206, '2015-00061-CM-0', 1, '2019-04-12 11:27:15'),
(207, '2015-00061-CM-0', 2, '2019-04-12 11:27:15'),
(208, '2015-00061-CM-0', 3, '2019-04-12 11:27:15'),
(209, '2015-00061-CM-0', 4, '2019-04-12 11:27:15'),
(210, '2015-00061-CM-0', 5, '2019-04-12 11:27:15'),
(211, '2015-00178-CM-0', 1, '2019-04-12 11:29:20'),
(212, '2015-00178-CM-0', 2, '2019-04-12 11:29:20'),
(213, '2015-00178-CM-0', 3, '2019-04-12 11:29:20'),
(214, '2015-00178-CM-0', 4, '2019-04-12 11:29:20'),
(215, '2015-00178-CM-0', 5, '2019-04-12 11:29:20'),
(216, '2015-00553-CM-0', 1, '2019-04-12 11:32:38'),
(217, '2015-00553-CM-0', 2, '2019-04-12 11:32:38'),
(218, '2015-00553-CM-0', 3, '2019-04-12 11:32:38'),
(219, '2015-00553-CM-0', 4, '2019-04-12 11:32:38'),
(220, '2015-00553-CM-0', 5, '2019-04-12 11:32:38'),
(221, '2015-00252-CM-0', 1, '2019-04-12 11:34:11'),
(222, '2015-00252-CM-0', 2, '2019-04-12 11:34:11'),
(223, '2015-00252-CM-0', 3, '2019-04-12 11:34:11'),
(224, '2015-00252-CM-0', 4, '2019-04-12 11:34:11'),
(225, '2015-00252-CM-0', 5, '2019-04-12 11:34:11'),
(226, '2015-00202-CM-0', 1, '2019-04-12 11:35:46'),
(227, '2015-00202-CM-0', 2, '2019-04-12 11:35:46'),
(228, '2015-00202-CM-0', 3, '2019-04-12 11:35:46'),
(229, '2015-00202-CM-0', 4, '2019-04-12 11:35:46'),
(230, '2015-00202-CM-0', 5, '2019-04-12 11:35:46'),
(231, '2015-00096-CM-0', 1, '2019-04-12 11:37:11'),
(232, '2015-00096-CM-0', 2, '2019-04-12 11:37:11'),
(233, '2015-00096-CM-0', 3, '2019-04-12 11:37:11'),
(234, '2015-00096-CM-0', 4, '2019-04-12 11:37:11'),
(235, '2015-00096-CM-0', 5, '2019-04-12 11:37:11'),
(236, '2015-00222-CM-0', 1, '2019-04-12 11:39:51'),
(237, '2015-00222-CM-0', 2, '2019-04-12 11:39:51'),
(238, '2015-00222-CM-0', 3, '2019-04-12 11:39:51'),
(239, '2015-00222-CM-0', 4, '2019-04-12 11:39:51'),
(240, '2015-00222-CM-0', 5, '2019-04-12 11:39:51'),
(241, '2015-00003-CM-0', 1, '2019-04-12 11:41:38'),
(242, '2015-00003-CM-0', 2, '2019-04-12 11:41:38'),
(243, '2015-00003-CM-0', 3, '2019-04-12 11:41:38'),
(244, '2015-00003-CM-0', 4, '2019-04-12 11:41:38'),
(245, '2015-00003-CM-0', 5, '2019-04-12 11:41:38'),
(246, '2015-00056-CM-0', 1, '2019-04-12 11:44:12'),
(247, '2015-00056-CM-0', 2, '2019-04-12 11:44:12'),
(248, '2015-00056-CM-0', 3, '2019-04-12 11:44:12'),
(249, '2015-00056-CM-0', 4, '2019-04-12 11:44:12'),
(250, '2015-00056-CM-0', 5, '2019-04-12 11:44:12'),
(251, '2015-00569-CM-0', 1, '2019-04-12 11:46:20'),
(252, '2015-00569-CM-0', 2, '2019-04-12 11:46:20'),
(253, '2015-00569-CM-0', 3, '2019-04-12 11:46:20'),
(254, '2015-00569-CM-0', 4, '2019-04-12 11:46:20'),
(255, '2015-00569-CM-0', 5, '2019-04-12 11:46:20'),
(256, '2015-00029-CM-0', 1, '2019-04-12 11:47:51'),
(257, '2015-00029-CM-0', 2, '2019-04-12 11:47:51'),
(258, '2015-00029-CM-0', 3, '2019-04-12 11:47:51'),
(259, '2015-00029-CM-0', 4, '2019-04-12 11:47:51'),
(260, '2015-00029-CM-0', 5, '2019-04-12 11:47:51'),
(261, '2015-00721-CM-1', 1, '2019-04-12 11:49:47'),
(262, '2015-00721-CM-1', 2, '2019-04-12 11:49:47'),
(263, '2015-00721-CM-1', 3, '2019-04-12 11:49:47'),
(264, '2015-00721-CM-1', 4, '2019-04-12 11:49:47'),
(265, '2015-00721-CM-1', 5, '2019-04-12 11:49:47'),
(266, '2015-00035-CM-0', 1, '2019-04-12 11:51:51'),
(267, '2015-00035-CM-0', 2, '2019-04-12 11:51:51'),
(268, '2015-00035-CM-0', 3, '2019-04-12 11:51:51'),
(269, '2015-00035-CM-0', 4, '2019-04-12 11:51:51'),
(270, '2015-00035-CM-0', 5, '2019-04-12 11:51:51'),
(271, '2015-00077-CM-0', 1, '2019-04-12 11:53:52'),
(272, '2015-00077-CM-0', 2, '2019-04-12 11:53:52'),
(273, '2015-00077-CM-0', 3, '2019-04-12 11:53:52'),
(274, '2015-00077-CM-0', 4, '2019-04-12 11:53:52'),
(275, '2015-00077-CM-0', 5, '2019-04-12 11:53:52'),
(276, '2015-00610-CM-1', 1, '2019-04-12 11:56:08'),
(277, '2015-00610-CM-1', 2, '2019-04-12 11:56:08'),
(278, '2015-00610-CM-1', 3, '2019-04-12 11:56:08'),
(279, '2015-00610-CM-1', 4, '2019-04-12 11:56:08'),
(280, '2015-00610-CM-1', 5, '2019-04-12 11:56:08'),
(281, '2015-00117-CM-0', 1, '2019-04-12 11:59:12'),
(282, '2015-00117-CM-0', 2, '2019-04-12 11:59:12'),
(283, '2015-00117-CM-0', 3, '2019-04-12 11:59:12'),
(284, '2015-00117-CM-0', 4, '2019-04-12 11:59:12'),
(285, '2015-00117-CM-0', 5, '2019-04-12 11:59:12'),
(286, '2015-00022-CM-0', 1, '2019-04-12 12:00:37'),
(287, '2015-00022-CM-0', 2, '2019-04-12 12:00:37'),
(288, '2015-00022-CM-0', 3, '2019-04-12 12:00:37'),
(289, '2015-00022-CM-0', 4, '2019-04-12 12:00:37'),
(290, '2015-00022-CM-0', 5, '2019-04-12 12:00:37'),
(291, '2015-00105-CM-0', 1, '2019-04-12 12:02:34'),
(292, '2015-00105-CM-0', 2, '2019-04-12 12:02:34'),
(293, '2015-00105-CM-0', 3, '2019-04-12 12:02:34'),
(294, '2015-00105-CM-0', 4, '2019-04-12 12:02:34'),
(295, '2015-00105-CM-0', 5, '2019-04-12 12:02:34'),
(296, '2015-00370-CM-0', 1, '2019-04-12 12:04:12'),
(297, '2015-00370-CM-0', 2, '2019-04-12 12:04:12'),
(298, '2015-00370-CM-0', 3, '2019-04-12 12:04:12'),
(299, '2015-00370-CM-0', 4, '2019-04-12 12:04:12'),
(300, '2015-00370-CM-0', 5, '2019-04-12 12:04:12'),
(301, '2015-00358-CM-0', 1, '2019-04-12 12:05:36'),
(302, '2015-00358-CM-0', 2, '2019-04-12 12:05:36'),
(303, '2015-00358-CM-0', 3, '2019-04-12 12:05:36'),
(304, '2015-00358-CM-0', 4, '2019-04-12 12:05:36'),
(305, '2015-00358-CM-0', 5, '2019-04-12 12:05:36'),
(306, '2015-00189-CM-0', 1, '2019-04-12 12:06:57'),
(307, '2015-00189-CM-0', 2, '2019-04-12 12:06:57'),
(308, '2015-00189-CM-0', 3, '2019-04-12 12:06:57'),
(309, '2015-00189-CM-0', 4, '2019-04-12 12:06:57'),
(310, '2015-00189-CM-0', 5, '2019-04-12 12:06:57'),
(311, '2015-00158-CM-0', 1, '2019-04-12 12:08:54'),
(312, '2015-00158-CM-0', 2, '2019-04-12 12:08:55'),
(313, '2015-00158-CM-0', 3, '2019-04-12 12:08:55'),
(314, '2015-00158-CM-0', 4, '2019-04-12 12:08:55'),
(315, '2015-00158-CM-0', 5, '2019-04-12 12:08:55'),
(316, '2015-00632-CM-0', 1, '2019-04-12 12:10:14'),
(317, '2015-00632-CM-0', 2, '2019-04-12 12:10:14'),
(318, '2015-00632-CM-0', 3, '2019-04-12 12:10:14'),
(319, '2015-00632-CM-0', 4, '2019-04-12 12:10:14'),
(320, '2015-00632-CM-0', 5, '2019-04-12 12:10:14'),
(321, '2015-00313-CM-0', 1, '2019-04-12 12:11:30'),
(322, '2015-00313-CM-0', 2, '2019-04-12 12:11:30'),
(323, '2015-00313-CM-0', 3, '2019-04-12 12:11:30'),
(324, '2015-00313-CM-0', 4, '2019-04-12 12:11:30'),
(325, '2015-00313-CM-0', 5, '2019-04-12 12:11:30'),
(326, '2015-00575-CM-0', 1, '2019-04-12 12:13:00'),
(327, '2015-00575-CM-0', 2, '2019-04-12 12:13:00'),
(328, '2015-00575-CM-0', 3, '2019-04-12 12:13:00'),
(329, '2015-00575-CM-0', 4, '2019-04-12 12:13:00'),
(330, '2015-00575-CM-0', 5, '2019-04-12 12:13:00'),
(331, '2015-00586-CM-0', 1, '2019-04-12 12:14:58'),
(332, '2015-00586-CM-0', 2, '2019-04-12 12:14:58'),
(333, '2015-00586-CM-0', 3, '2019-04-12 12:14:58'),
(334, '2015-00586-CM-0', 4, '2019-04-12 12:14:58'),
(335, '2015-00586-CM-0', 5, '2019-04-12 12:14:58'),
(336, '2015-00207-CM-0', 1, '2019-04-12 12:16:18'),
(337, '2015-00207-CM-0', 2, '2019-04-12 12:16:18'),
(338, '2015-00207-CM-0', 3, '2019-04-12 12:16:18'),
(339, '2015-00207-CM-0', 4, '2019-04-12 12:16:18'),
(340, '2015-00207-CM-0', 5, '2019-04-12 12:16:18'),
(341, '2015-00234-CM-0', 1, '2019-04-12 12:17:39'),
(342, '2015-00234-CM-0', 2, '2019-04-12 12:17:39'),
(343, '2015-00234-CM-0', 3, '2019-04-12 12:17:39'),
(344, '2015-00234-CM-0', 4, '2019-04-12 12:17:39'),
(345, '2015-00234-CM-0', 5, '2019-04-12 12:17:39'),
(346, '2015-00335-CM-0', 1, '2019-04-12 12:19:34'),
(347, '2015-00335-CM-0', 2, '2019-04-12 12:19:34'),
(348, '2015-00335-CM-0', 3, '2019-04-12 12:19:34'),
(349, '2015-00335-CM-0', 4, '2019-04-12 12:19:34'),
(350, '2015-00335-CM-0', 5, '2019-04-12 12:19:34'),
(351, '2014-00323-CM-0', 1, '2019-04-12 12:21:26'),
(352, '2014-00323-CM-0', 2, '2019-04-12 12:21:26'),
(353, '2014-00323-CM-0', 3, '2019-04-12 12:21:26'),
(354, '2014-00323-CM-0', 4, '2019-04-12 12:21:26'),
(355, '2014-00323-CM-0', 5, '2019-04-12 12:21:26'),
(356, '2015-00107-CM-0', 1, '2019-04-12 12:23:37'),
(357, '2015-00107-CM-0', 2, '2019-04-12 12:23:37'),
(358, '2015-00107-CM-0', 3, '2019-04-12 12:23:37'),
(359, '2015-00107-CM-0', 4, '2019-04-12 12:23:37'),
(360, '2015-00107-CM-0', 5, '2019-04-12 12:23:37'),
(361, '2015-00172-CM-0', 1, '2019-04-12 12:30:00'),
(362, '2015-00172-CM-0', 2, '2019-04-12 12:30:00'),
(363, '2015-00172-CM-0', 3, '2019-04-12 12:30:00'),
(364, '2015-00172-CM-0', 4, '2019-04-12 12:30:00'),
(365, '2015-00172-CM-0', 5, '2019-04-12 12:30:00'),
(366, '2015-00583-CM-0', 1, '2019-04-12 12:32:12'),
(367, '2015-00583-CM-0', 2, '2019-04-12 12:32:12'),
(368, '2015-00583-CM-0', 3, '2019-04-12 12:32:12'),
(369, '2015-00583-CM-0', 4, '2019-04-12 12:32:12'),
(370, '2015-00583-CM-0', 5, '2019-04-12 12:32:12'),
(371, '2015-00269-CM-0', 1, '2019-04-12 12:33:54'),
(372, '2015-00269-CM-0', 2, '2019-04-12 12:33:54'),
(373, '2015-00269-CM-0', 3, '2019-04-12 12:33:54'),
(374, '2015-00269-CM-0', 4, '2019-04-12 12:33:54'),
(375, '2015-00269-CM-0', 5, '2019-04-12 12:33:54'),
(376, '2015-00585-CM-0', 1, '2019-04-12 12:35:27'),
(377, '2015-00585-CM-0', 2, '2019-04-12 12:35:27'),
(378, '2015-00585-CM-0', 3, '2019-04-12 12:35:27'),
(379, '2015-00585-CM-0', 4, '2019-04-12 12:35:27'),
(380, '2015-00585-CM-0', 5, '2019-04-12 12:35:27'),
(381, '2014-00190-CM-0', 1, '2019-04-12 12:37:15'),
(382, '2014-00190-CM-0', 2, '2019-04-12 12:37:15'),
(383, '2014-00190-CM-0', 3, '2019-04-12 12:37:15'),
(384, '2014-00190-CM-0', 4, '2019-04-12 12:37:15'),
(385, '2014-00190-CM-0', 5, '2019-04-12 12:37:15'),
(386, '2015-00267-CM-0', 1, '2019-04-12 12:40:00'),
(387, '2015-00267-CM-0', 2, '2019-04-12 12:40:00'),
(388, '2015-00267-CM-0', 3, '2019-04-12 12:40:00'),
(389, '2015-00267-CM-0', 4, '2019-04-12 12:40:00'),
(390, '2015-00267-CM-0', 5, '2019-04-12 12:40:00'),
(391, '2015-00578-CM-0', 1, '2019-04-12 12:41:29'),
(392, '2015-00578-CM-0', 2, '2019-04-12 12:41:29'),
(393, '2015-00578-CM-0', 3, '2019-04-12 12:41:29'),
(394, '2015-00578-CM-0', 4, '2019-04-12 12:41:29'),
(395, '2015-00578-CM-0', 5, '2019-04-12 12:41:29'),
(396, '2015-00033-CM-0', 1, '2019-04-12 12:42:41'),
(397, '2015-00033-CM-0', 2, '2019-04-12 12:42:41'),
(398, '2015-00033-CM-0', 3, '2019-04-12 12:42:41'),
(399, '2015-00033-CM-0', 4, '2019-04-12 12:42:41'),
(400, '2015-00033-CM-0', 5, '2019-04-12 12:42:41'),
(401, '2015-00028-CM-0', 1, '2019-04-12 12:44:06'),
(402, '2015-00028-CM-0', 2, '2019-04-12 12:44:06'),
(403, '2015-00028-CM-0', 3, '2019-04-12 12:44:06'),
(404, '2015-00028-CM-0', 4, '2019-04-12 12:44:06'),
(405, '2015-00028-CM-0', 5, '2019-04-12 12:44:06'),
(406, '2015-00232-CM-0', 1, '2019-04-12 12:47:27'),
(407, '2015-00232-CM-0', 2, '2019-04-12 12:47:27'),
(408, '2015-00232-CM-0', 3, '2019-04-12 12:47:27'),
(409, '2015-00232-CM-0', 4, '2019-04-12 12:47:27'),
(410, '2015-00232-CM-0', 5, '2019-04-12 12:47:27'),
(411, '2015-00713-CM-1', 1, '2019-04-12 12:48:53'),
(412, '2015-00713-CM-1', 2, '2019-04-12 12:48:53'),
(413, '2015-00713-CM-1', 3, '2019-04-12 12:48:53'),
(414, '2015-00713-CM-1', 4, '2019-04-12 12:48:53'),
(415, '2015-00713-CM-1', 5, '2019-04-12 12:48:53'),
(416, '2015-00009-CM-0', 1, '2019-04-12 12:51:10'),
(417, '2015-00009-CM-0', 2, '2019-04-12 12:51:10'),
(418, '2015-00009-CM-0', 3, '2019-04-12 12:51:10'),
(419, '2015-00009-CM-0', 4, '2019-04-12 12:51:10'),
(420, '2015-00009-CM-0', 5, '2019-04-12 12:51:10'),
(421, '2015-00705-CM-1', 1, '2019-04-12 12:53:50'),
(422, '2015-00705-CM-1', 2, '2019-04-12 12:53:50'),
(423, '2015-00705-CM-1', 3, '2019-04-12 12:53:50'),
(424, '2015-00705-CM-1', 4, '2019-04-12 12:53:50'),
(425, '2015-00705-CM-1', 5, '2019-04-12 12:53:50'),
(426, '2015-00163-CM-0', 1, '2019-04-12 12:58:16'),
(427, '2015-00163-CM-0', 2, '2019-04-12 12:58:16'),
(428, '2015-00163-CM-0', 3, '2019-04-12 12:58:16'),
(429, '2015-00163-CM-0', 4, '2019-04-12 12:58:16'),
(430, '2015-00163-CM-0', 5, '2019-04-12 12:58:16'),
(431, '2015-00238-CM-0', 1, '2019-04-12 13:01:26'),
(432, '2015-00238-CM-0', 2, '2019-04-12 13:01:26'),
(433, '2015-00238-CM-0', 3, '2019-04-12 13:01:26'),
(434, '2015-00238-CM-0', 4, '2019-04-12 13:01:26'),
(435, '2015-00238-CM-0', 5, '2019-04-12 13:01:26'),
(436, '2015-00205-CM-0', 1, '2019-04-12 13:03:04'),
(437, '2015-00205-CM-0', 2, '2019-04-12 13:03:04'),
(438, '2015-00205-CM-0', 3, '2019-04-12 13:03:04'),
(439, '2015-00205-CM-0', 4, '2019-04-12 13:03:04'),
(440, '2015-00205-CM-0', 5, '2019-04-12 13:03:04'),
(441, '2015-00190-CM-0', 1, '2019-04-12 13:05:19'),
(442, '2015-00190-CM-0', 2, '2019-04-12 13:05:19'),
(443, '2015-00190-CM-0', 3, '2019-04-12 13:05:19'),
(444, '2015-00190-CM-0', 4, '2019-04-12 13:05:19'),
(445, '2015-00190-CM-0', 5, '2019-04-12 13:05:19'),
(446, '2015-00090-CM-0', 1, '2019-04-12 13:08:19'),
(447, '2015-00090-CM-0', 2, '2019-04-12 13:08:19'),
(448, '2015-00090-CM-0', 3, '2019-04-12 13:08:20'),
(449, '2015-00090-CM-0', 4, '2019-04-12 13:08:20'),
(450, '2015-00090-CM-0', 5, '2019-04-12 13:08:20'),
(451, '2015-00093-CM-0', 1, '2019-04-12 13:10:13'),
(452, '2015-00093-CM-0', 2, '2019-04-12 13:10:13'),
(453, '2015-00093-CM-0', 3, '2019-04-12 13:10:13'),
(454, '2015-00093-CM-0', 4, '2019-04-12 13:10:13'),
(455, '2015-00093-CM-0', 5, '2019-04-12 13:10:13'),
(456, '2015-00245-CM-0', 1, '2019-04-12 13:12:20'),
(457, '2015-00245-CM-0', 2, '2019-04-12 13:12:20'),
(458, '2015-00245-CM-0', 3, '2019-04-12 13:12:20'),
(459, '2015-00245-CM-0', 4, '2019-04-12 13:12:20'),
(460, '2015-00245-CM-0', 5, '2019-04-12 13:12:20'),
(461, '2015-00250-CM-0', 1, '2019-04-12 13:14:26'),
(462, '2015-00250-CM-0', 2, '2019-04-12 13:14:26'),
(463, '2015-00250-CM-0', 3, '2019-04-12 13:14:26'),
(464, '2015-00250-CM-0', 4, '2019-04-12 13:14:26'),
(465, '2015-00250-CM-0', 5, '2019-04-12 13:14:26'),
(466, '2015-00100-CM-0', 1, '2019-04-12 13:16:55'),
(467, '2015-00100-CM-0', 2, '2019-04-12 13:16:55'),
(468, '2015-00100-CM-0', 3, '2019-04-12 13:16:55'),
(469, '2015-00100-CM-0', 4, '2019-04-12 13:16:55'),
(470, '2015-00100-CM-0', 5, '2019-04-12 13:16:55'),
(471, '2015-00114-CM-0', 1, '2019-04-12 13:18:30'),
(472, '2015-00114-CM-0', 2, '2019-04-12 13:18:30'),
(473, '2015-00114-CM-0', 3, '2019-04-12 13:18:30'),
(474, '2015-00114-CM-0', 4, '2019-04-12 13:18:30'),
(475, '2015-00114-CM-0', 5, '2019-04-12 13:18:30'),
(476, '2015-00184-CM-0', 1, '2019-04-12 13:20:31'),
(477, '2015-00184-CM-0', 2, '2019-04-12 13:20:31'),
(478, '2015-00184-CM-0', 3, '2019-04-12 13:20:31'),
(479, '2015-00184-CM-0', 4, '2019-04-12 13:20:31'),
(480, '2015-00184-CM-0', 5, '2019-04-12 13:20:31'),
(481, '2015-00228-CM-0', 1, '2019-04-12 13:23:30'),
(482, '2015-00228-CM-0', 2, '2019-04-12 13:23:30'),
(483, '2015-00228-CM-0', 3, '2019-04-12 13:23:30'),
(484, '2015-00228-CM-0', 4, '2019-04-12 13:23:30'),
(485, '2015-00228-CM-0', 5, '2019-04-12 13:23:30'),
(486, '2015-00625-CM-0', 1, '2019-04-12 13:25:41'),
(487, '2015-00625-CM-0', 2, '2019-04-12 13:25:41'),
(488, '2015-00625-CM-0', 3, '2019-04-12 13:25:41'),
(489, '2015-00625-CM-0', 4, '2019-04-12 13:25:41'),
(490, '2015-00625-CM-0', 5, '2019-04-12 13:25:41'),
(491, '2015-00045-CM-0', 1, '2019-04-12 13:27:06'),
(492, '2015-00045-CM-0', 2, '2019-04-12 13:27:06'),
(493, '2015-00045-CM-0', 3, '2019-04-12 13:27:06'),
(494, '2015-00045-CM-0', 4, '2019-04-12 13:27:06'),
(495, '2015-00045-CM-0', 5, '2019-04-12 13:27:06'),
(496, '2015-00667', 1, '2019-04-12 13:32:11'),
(497, '2015-00667', 2, '2019-04-12 13:32:11'),
(498, '2015-00667', 3, '2019-04-12 13:32:11'),
(499, '2015-00667', 4, '2019-04-12 13:32:11'),
(500, '2015-00667', 5, '2019-04-12 13:32:11'),
(501, '2015-00260-CM-0', 1, '2019-04-12 13:43:22'),
(502, '2015-00260-CM-0', 2, '2019-04-12 13:43:22'),
(503, '2015-00260-CM-0', 3, '2019-04-12 13:43:22'),
(504, '2015-00260-CM-0', 4, '2019-04-12 13:43:22'),
(505, '2015-00260-CM-0', 5, '2019-04-12 13:43:22'),
(506, '2015-00129-CM-0', 1, '2019-04-12 13:47:32'),
(507, '2015-00129-CM-0', 2, '2019-04-12 13:47:32'),
(508, '2015-00129-CM-0', 3, '2019-04-12 13:47:32'),
(509, '2015-00129-CM-0', 4, '2019-04-12 13:47:32'),
(510, '2015-00129-CM-0', 5, '2019-04-12 13:47:32'),
(511, '2015-00218-CM-0', 1, '2019-04-12 14:16:48'),
(512, '2015-00218-CM-0', 2, '2019-04-12 14:16:48'),
(513, '2015-00218-CM-0', 3, '2019-04-12 14:16:48'),
(514, '2015-00218-CM-0', 4, '2019-04-12 14:16:48'),
(515, '2015-00218-CM-0', 5, '2019-04-12 14:16:48'),
(516, '2015-00002-CM-0', 1, '2019-04-12 14:20:24'),
(517, '2015-00002-CM-0', 2, '2019-04-12 14:20:24'),
(518, '2015-00002-CM-0', 3, '2019-04-12 14:20:24'),
(519, '2015-00002-CM-0', 4, '2019-04-12 14:20:24'),
(520, '2015-00002-CM-0', 5, '2019-04-12 14:20:24'),
(521, '2015-00547-CM-0', 1, '2019-04-12 14:22:39'),
(522, '2015-00547-CM-0', 2, '2019-04-12 14:22:39'),
(523, '2015-00547-CM-0', 3, '2019-04-12 14:22:39'),
(524, '2015-00547-CM-0', 4, '2019-04-12 14:22:39'),
(525, '2015-00547-CM-0', 5, '2019-04-12 14:22:39'),
(526, '2015-00028-CM-0', 1, '2019-04-12 14:25:01'),
(527, '2015-00028-CM-0', 2, '2019-04-12 14:25:01'),
(528, '2015-00028-CM-0', 3, '2019-04-12 14:25:01'),
(529, '2015-00028-CM-0', 4, '2019-04-12 14:25:01'),
(530, '2015-00028-CM-0', 5, '2019-04-12 14:25:01'),
(531, '2015-00007-CM-0', 1, '2019-04-12 14:26:41'),
(532, '2015-00007-CM-0', 2, '2019-04-12 14:26:41'),
(533, '2015-00007-CM-0', 3, '2019-04-12 14:26:41'),
(534, '2015-00007-CM-0', 4, '2019-04-12 14:26:41'),
(535, '2015-00007-CM-0', 5, '2019-04-12 14:26:41'),
(536, '2015-00197-CM-0', 1, '2019-04-12 14:28:26'),
(537, '2015-00197-CM-0', 2, '2019-04-12 14:28:26'),
(538, '2015-00197-CM-0', 3, '2019-04-12 14:28:26'),
(539, '2015-00197-CM-0', 4, '2019-04-12 14:28:26'),
(540, '2015-00197-CM-0', 5, '2019-04-12 14:28:26'),
(541, '2015-00628-CM-0', 1, '2019-04-12 14:31:46'),
(542, '2015-00628-CM-0', 2, '2019-04-12 14:31:46'),
(543, '2015-00628-CM-0', 3, '2019-04-12 14:31:47'),
(544, '2015-00628-CM-0', 4, '2019-04-12 14:31:47'),
(545, '2015-00628-CM-0', 5, '2019-04-12 14:31:47'),
(546, '2015-00256-CM-0', 1, '2019-04-12 14:34:01'),
(547, '2015-00256-CM-0', 2, '2019-04-12 14:34:01'),
(548, '2015-00256-CM-0', 3, '2019-04-12 14:34:01'),
(549, '2015-00256-CM-0', 4, '2019-04-12 14:34:01'),
(550, '2015-00256-CM-0', 5, '2019-04-12 14:34:01'),
(551, '2015-00573-CM-0', 1, '2019-04-12 14:35:38'),
(552, '2015-00573-CM-0', 2, '2019-04-12 14:35:38'),
(553, '2015-00573-CM-0', 3, '2019-04-12 14:35:38'),
(554, '2015-00573-CM-0', 4, '2019-04-12 14:35:38'),
(555, '2015-00573-CM-0', 5, '2019-04-12 14:35:38'),
(556, '2015-00565-CM-0', 1, '2019-04-12 14:37:34'),
(557, '2015-00565-CM-0', 2, '2019-04-12 14:37:34'),
(558, '2015-00565-CM-0', 3, '2019-04-12 14:37:34'),
(559, '2015-00565-CM-0', 4, '2019-04-12 14:37:34'),
(560, '2015-00565-CM-0', 5, '2019-04-12 14:37:34'),
(561, '2015-00218-CM-0', 1, '2019-04-12 14:39:32'),
(562, '2015-00218-CM-0', 2, '2019-04-12 14:39:32'),
(563, '2015-00218-CM-0', 3, '2019-04-12 14:39:32'),
(564, '2015-00218-CM-0', 4, '2019-04-12 14:39:32'),
(565, '2015-00218-CM-0', 5, '2019-04-12 14:39:32'),
(566, '2015-00099-CM-0', 1, '2019-04-12 14:41:10'),
(567, '2015-00099-CM-0', 2, '2019-04-12 14:41:10'),
(568, '2015-00099-CM-0', 3, '2019-04-12 14:41:10'),
(569, '2015-00099-CM-0', 4, '2019-04-12 14:41:10'),
(570, '2015-00099-CM-0', 5, '2019-04-12 14:41:10'),
(571, '2015-00289-CM-0', 1, '2019-04-12 14:46:12'),
(572, '2015-00289-CM-0', 2, '2019-04-12 14:46:12'),
(573, '2015-00289-CM-0', 3, '2019-04-12 14:46:12'),
(574, '2015-00289-CM-0', 4, '2019-04-12 14:46:12'),
(575, '2015-00289-CM-0', 5, '2019-04-12 14:46:12'),
(576, '2015-00063-CM-0', 1, '2019-04-12 14:49:24'),
(577, '2015-00063-CM-0', 2, '2019-04-12 14:49:25'),
(578, '2015-00063-CM-0', 3, '2019-04-12 14:49:25'),
(579, '2015-00063-CM-0', 4, '2019-04-12 14:49:25'),
(580, '2015-00063-CM-0', 5, '2019-04-12 14:49:25'),
(581, '2015-00253-CM-0', 1, '2019-04-12 14:51:05'),
(582, '2015-00253-CM-0', 2, '2019-04-12 14:51:05'),
(583, '2015-00253-CM-0', 3, '2019-04-12 14:51:05'),
(584, '2015-00253-CM-0', 4, '2019-04-12 14:51:05'),
(585, '2015-00253-CM-0', 5, '2019-04-12 14:51:05'),
(586, '2015-00113-CM-0', 1, '2019-04-12 14:53:35'),
(587, '2015-00113-CM-0', 2, '2019-04-12 14:53:35'),
(588, '2015-00113-CM-0', 3, '2019-04-12 14:53:35'),
(589, '2015-00113-CM-0', 4, '2019-04-12 14:53:35'),
(590, '2015-00113-CM-0', 5, '2019-04-12 14:53:35'),
(591, '2015-00311-CM-0', 1, '2019-04-12 14:54:55'),
(592, '2015-00311-CM-0', 2, '2019-04-12 14:54:55'),
(593, '2015-00311-CM-0', 3, '2019-04-12 14:54:55'),
(594, '2015-00311-CM-0', 4, '2019-04-12 14:54:55'),
(595, '2015-00311-CM-0', 5, '2019-04-12 14:54:55'),
(596, '2015-00300-CM-0', 1, '2019-04-12 14:56:41'),
(597, '2015-00300-CM-0', 2, '2019-04-12 14:56:41'),
(598, '2015-00300-CM-0', 3, '2019-04-12 14:56:41'),
(599, '2015-00300-CM-0', 4, '2019-04-12 14:56:41'),
(600, '2015-00300-CM-0', 5, '2019-04-12 14:56:41'),
(601, '2015-00314-CM-0', 1, '2019-04-12 14:58:13'),
(602, '2015-00314-CM-0', 2, '2019-04-12 14:58:13'),
(603, '2015-00314-CM-0', 3, '2019-04-12 14:58:13'),
(604, '2015-00314-CM-0', 4, '2019-04-12 14:58:13'),
(605, '2015-00314-CM-0', 5, '2019-04-12 14:58:13'),
(606, '2015-00671-CM-0', 1, '2019-04-12 14:59:52'),
(607, '2015-00671-CM-0', 2, '2019-04-12 14:59:52'),
(608, '2015-00671-CM-0', 3, '2019-04-12 14:59:52'),
(609, '2015-00671-CM-0', 4, '2019-04-12 14:59:52'),
(610, '2015-00671-CM-0', 5, '2019-04-12 14:59:52'),
(611, '2015-00111-CM-0', 1, '2019-04-12 15:03:55'),
(612, '2015-00111-CM-0', 2, '2019-04-12 15:03:55'),
(613, '2015-00111-CM-0', 3, '2019-04-12 15:03:55'),
(614, '2015-00111-CM-0', 4, '2019-04-12 15:03:55'),
(615, '2015-00111-CM-0', 5, '2019-04-12 15:03:55'),
(616, '2015-00136-CM-0', 1, '2019-04-12 15:05:54'),
(617, '2015-00136-CM-0', 2, '2019-04-12 15:05:54'),
(618, '2015-00136-CM-0', 3, '2019-04-12 15:05:54'),
(619, '2015-00136-CM-0', 4, '2019-04-12 15:05:54'),
(620, '2015-00136-CM-0', 5, '2019-04-12 15:05:54'),
(621, '2015-00010-CM-0', 1, '2019-04-12 15:07:31'),
(622, '2015-00010-CM-0', 2, '2019-04-12 15:07:31'),
(623, '2015-00010-CM-0', 3, '2019-04-12 15:07:31'),
(624, '2015-00010-CM-0', 4, '2019-04-12 15:07:31'),
(625, '2015-00010-CM-0', 5, '2019-04-12 15:07:31'),
(626, '2015-00104-CM-0', 1, '2019-04-12 15:09:34'),
(627, '2015-00104-CM-0', 2, '2019-04-12 15:09:34'),
(628, '2015-00104-CM-0', 3, '2019-04-12 15:09:34'),
(629, '2015-00104-CM-0', 4, '2019-04-12 15:09:34'),
(630, '2015-00104-CM-0', 5, '2019-04-12 15:09:34'),
(631, '2015-00244-CM-0', 1, '2019-04-12 15:12:50'),
(632, '2015-00244-CM-0', 2, '2019-04-12 15:12:50'),
(633, '2015-00244-CM-0', 3, '2019-04-12 15:12:50'),
(634, '2015-00244-CM-0', 4, '2019-04-12 15:12:50'),
(635, '2015-00244-CM-0', 5, '2019-04-12 15:12:50'),
(636, '2015-00188-CM-0', 1, '2019-04-12 15:14:12'),
(637, '2015-00188-CM-0', 2, '2019-04-12 15:14:12'),
(638, '2015-00188-CM-0', 3, '2019-04-12 15:14:12'),
(639, '2015-00188-CM-0', 4, '2019-04-12 15:14:12'),
(640, '2015-00188-CM-0', 5, '2019-04-12 15:14:12'),
(641, '2015-00226-CM-0', 1, '2019-04-12 15:16:36'),
(642, '2015-00226-CM-0', 2, '2019-04-12 15:16:36'),
(643, '2015-00226-CM-0', 3, '2019-04-12 15:16:36'),
(644, '2015-00226-CM-0', 4, '2019-04-12 15:16:36'),
(645, '2015-00226-CM-0', 5, '2019-04-12 15:16:37'),
(646, '2015-00310-CM-0', 1, '2019-04-12 15:19:06'),
(647, '2015-00310-CM-0', 2, '2019-04-12 15:19:06'),
(648, '2015-00310-CM-0', 3, '2019-04-12 15:19:06'),
(649, '2015-00310-CM-0', 4, '2019-04-12 15:19:06'),
(650, '2015-00310-CM-0', 5, '2019-04-12 15:19:06'),
(651, '2015-00087-CM-0', 1, '2019-04-12 15:21:43'),
(652, '2015-00087-CM-0', 2, '2019-04-12 15:21:43'),
(653, '2015-00087-CM-0', 3, '2019-04-12 15:21:43'),
(654, '2015-00087-CM-0', 4, '2019-04-12 15:21:43'),
(655, '2015-00087-CM-0', 5, '2019-04-12 15:21:43'),
(656, '2015-00088-CM-0', 1, '2019-04-12 15:23:51'),
(657, '2015-00088-CM-0', 2, '2019-04-12 15:23:51'),
(658, '2015-00088-CM-0', 3, '2019-04-12 15:23:51'),
(659, '2015-00088-CM-0', 4, '2019-04-12 15:23:51'),
(660, '2015-00088-CM-0', 5, '2019-04-12 15:23:51'),
(661, '2015-00027-CM-0', 1, '2019-04-12 15:26:54'),
(662, '2015-00027-CM-0', 2, '2019-04-12 15:26:54'),
(663, '2015-00027-CM-0', 3, '2019-04-12 15:26:54'),
(664, '2015-00027-CM-0', 4, '2019-04-12 15:26:54'),
(665, '2015-00027-CM-0', 5, '2019-04-12 15:26:54'),
(666, '2015-00707-CM-1', 1, '2019-04-12 15:45:18'),
(667, '2015-00707-CM-1', 2, '2019-04-12 15:45:18'),
(668, '2015-00707-CM-1', 3, '2019-04-12 15:45:18'),
(669, '2015-00707-CM-1', 4, '2019-04-12 15:45:19'),
(670, '2015-00707-CM-1', 5, '2019-04-12 15:45:19'),
(671, '2015-00242-CM-0', 1, '2019-04-12 16:01:30'),
(672, '2015-00242-CM-0', 2, '2019-04-12 16:01:30'),
(673, '2015-00242-CM-0', 3, '2019-04-12 16:01:30'),
(674, '2015-00242-CM-0', 4, '2019-04-12 16:01:30'),
(675, '2015-00242-CM-0', 5, '2019-04-12 16:01:30'),
(676, '2015-00031-CM-0', 1, '2019-04-12 16:17:58'),
(677, '2015-00031-CM-0', 2, '2019-04-12 16:17:58'),
(678, '2015-00031-CM-0', 3, '2019-04-12 16:17:58'),
(679, '2015-00031-CM-0', 4, '2019-04-12 16:17:58'),
(680, '2015-00031-CM-0', 5, '2019-04-12 16:17:58'),
(681, '2015-00030-CM-0', 1, '2019-04-12 16:19:04'),
(682, '2015-00030-CM-0', 2, '2019-04-12 16:19:04'),
(683, '2015-00030-CM-0', 3, '2019-04-12 16:19:04'),
(684, '2015-00030-CM-0', 4, '2019-04-12 16:19:04'),
(685, '2015-00030-CM-0', 5, '2019-04-12 16:19:04'),
(686, '2015-00666-CM-0', 1, '2019-04-13 10:41:21'),
(687, '2015-00666-CM-0', 2, '2019-04-13 10:41:21'),
(688, '2015-00666-CM-0', 3, '2019-04-13 10:41:21'),
(689, '2015-00666-CM-0', 4, '2019-04-13 10:41:21'),
(690, '2015-00666-CM-0', 5, '2019-04-13 10:41:21'),
(691, '2015-00580-CM-0', 1, '2019-04-13 11:08:47'),
(692, '2015-00580-CM-0', 2, '2019-04-13 11:08:47'),
(693, '2015-00580-CM-0', 3, '2019-04-13 11:08:47'),
(694, '2015-00580-CM-0', 4, '2019-04-13 11:08:47'),
(695, '2015-00580-CM-0', 5, '2019-04-13 11:08:47'),
(696, '2015-00283-CM-0', 1, '2019-04-13 13:30:42'),
(697, '2015-00283-CM-0', 2, '2019-04-13 13:30:42'),
(698, '2015-00283-CM-0', 3, '2019-04-13 13:30:42'),
(699, '2015-00283-CM-0', 4, '2019-04-13 13:30:42'),
(700, '2015-00283-CM-0', 5, '2019-04-13 13:30:42'),
(701, '2015-00236-CM-0', 1, '2019-04-13 13:35:25'),
(702, '2015-00236-CM-0', 2, '2019-04-13 13:35:25'),
(703, '2015-00236-CM-0', 3, '2019-04-13 13:35:25'),
(704, '2015-00236-CM-0', 4, '2019-04-13 13:35:25'),
(705, '2015-00236-CM-0', 5, '2019-04-13 13:35:25'),
(706, '2015-00203-CM-0', 1, '2019-04-13 14:00:57'),
(707, '2015-00203-CM-0', 2, '2019-04-13 14:00:57'),
(708, '2015-00203-CM-0', 3, '2019-04-13 14:00:57'),
(709, '2015-00203-CM-0', 4, '2019-04-13 14:00:57'),
(710, '2015-00203-CM-0', 5, '2019-04-13 14:00:57'),
(711, '2015-00373-CM-0', 1, '2019-04-13 14:08:18'),
(712, '2015-00373-CM-0', 2, '2019-04-13 14:08:18'),
(713, '2015-00373-CM-0', 3, '2019-04-13 14:08:18'),
(714, '2015-00373-CM-0', 4, '2019-04-13 14:08:18'),
(715, '2015-00373-CM-0', 5, '2019-04-13 14:08:18'),
(716, '2015-00409-CM-0', 1, '2019-04-13 14:10:11'),
(717, '2015-00409-CM-0', 2, '2019-04-13 14:10:11'),
(718, '2015-00409-CM-0', 3, '2019-04-13 14:10:12'),
(719, '2015-00409-CM-0', 4, '2019-04-13 14:10:12'),
(720, '2015-00409-CM-0', 5, '2019-04-13 14:10:12'),
(721, '2015-00561-CM-0', 1, '2019-04-13 14:12:40'),
(722, '2015-00561-CM-0', 2, '2019-04-13 14:12:40'),
(723, '2015-00561-CM-0', 3, '2019-04-13 14:12:40'),
(724, '2015-00561-CM-0', 4, '2019-04-13 14:12:40'),
(725, '2015-00561-CM-0', 5, '2019-04-13 14:12:40'),
(726, '2015-00650-CM-0', 1, '2019-04-13 14:15:22'),
(727, '2015-00650-CM-0', 2, '2019-04-13 14:15:22'),
(728, '2015-00650-CM-0', 3, '2019-04-13 14:15:22'),
(729, '2015-00650-CM-0', 4, '2019-04-13 14:15:22'),
(730, '2015-00650-CM-0', 5, '2019-04-13 14:15:22'),
(731, '2015-00475-CM-0', 1, '2019-04-13 14:17:36'),
(732, '2015-00475-CM-0', 2, '2019-04-13 14:17:36'),
(733, '2015-00475-CM-0', 3, '2019-04-13 14:17:36'),
(734, '2015-00475-CM-0', 4, '2019-04-13 14:17:36'),
(735, '2015-00475-CM-0', 5, '2019-04-13 14:17:36'),
(736, '2015-00336-CM-0', 1, '2019-04-13 14:21:44'),
(737, '2015-00336-CM-0', 2, '2019-04-13 14:21:44'),
(738, '2015-00336-CM-0', 3, '2019-04-13 14:21:44'),
(739, '2015-00336-CM-0', 4, '2019-04-13 14:21:44'),
(740, '2015-00336-CM-0', 5, '2019-04-13 14:21:44'),
(741, '2015-00097-CM-0', 1, '2019-04-13 14:43:06'),
(742, '2015-00097-CM-0', 2, '2019-04-13 14:43:06'),
(743, '2015-00097-CM-0', 3, '2019-04-13 14:43:06'),
(744, '2015-00097-CM-0', 4, '2019-04-13 14:43:06'),
(745, '2015-00097-CM-0', 5, '2019-04-13 14:43:06'),
(746, '2015-00221-CM-0', 1, '2019-04-13 15:03:38'),
(747, '2015-00221-CM-0', 2, '2019-04-13 15:03:38'),
(748, '2015-00221-CM-0', 3, '2019-04-13 15:03:38'),
(749, '2015-00221-CM-0', 4, '2019-04-13 15:03:38'),
(750, '2015-00221-CM-0', 5, '2019-04-13 15:03:38'),
(751, '2015-00224-CM-0', 1, '2019-04-13 15:38:15'),
(752, '2015-00224-CM-0', 2, '2019-04-13 15:38:15'),
(753, '2015-00224-CM-0', 3, '2019-04-13 15:38:16'),
(754, '2015-00224-CM-0', 4, '2019-04-13 15:38:16'),
(755, '2015-00224-CM-0', 5, '2019-04-13 15:38:16'),
(756, '2015-00298-CM-0', 1, '2019-04-13 15:39:42'),
(757, '2015-00298-CM-0', 2, '2019-04-13 15:39:42'),
(758, '2015-00298-CM-0', 3, '2019-04-13 15:39:42'),
(759, '2015-00298-CM-0', 4, '2019-04-13 15:39:42'),
(760, '2015-00298-CM-0', 5, '2019-04-13 15:39:42'),
(761, '2015-00371-CM-0', 1, '2019-04-15 10:36:35'),
(762, '2015-00371-CM-0', 2, '2019-04-15 10:36:35'),
(763, '2015-00371-CM-0', 3, '2019-04-15 10:36:35'),
(764, '2015-00371-CM-0', 4, '2019-04-15 10:36:35'),
(765, '2015-00371-CM-0', 5, '2019-04-15 10:36:35'),
(766, '2017-00391-CM-1', 1, '2019-04-15 10:44:26'),
(767, '2017-00391-CM-1', 2, '2019-04-15 10:44:26'),
(768, '2017-00391-CM-1', 3, '2019-04-15 10:44:26'),
(769, '2017-00391-CM-1', 4, '2019-04-15 10:44:26'),
(770, '2017-00391-CM-1', 5, '2019-04-15 10:44:26'),
(771, '2015-00557-CM-0', 1, '2019-04-15 10:47:57'),
(772, '2015-00557-CM-0', 2, '2019-04-15 10:47:57'),
(773, '2015-00557-CM-0', 3, '2019-04-15 10:47:57'),
(774, '2015-00557-CM-0', 4, '2019-04-15 10:47:57'),
(775, '2015-00557-CM-0', 5, '2019-04-15 10:47:57'),
(776, '2015-00109-CM-0', 1, '2019-04-15 10:50:58'),
(777, '2015-00109-CM-0', 2, '2019-04-15 10:50:58'),
(778, '2015-00109-CM-0', 3, '2019-04-15 10:50:58'),
(779, '2015-00109-CM-0', 4, '2019-04-15 10:50:58'),
(780, '2015-00109-CM-0', 5, '2019-04-15 10:50:58'),
(781, '2015-00072-CM-0', 1, '2019-04-15 13:28:52'),
(782, '2015-00072-CM-0', 2, '2019-04-15 13:28:52'),
(783, '2015-00072-CM-0', 3, '2019-04-15 13:28:52'),
(784, '2015-00072-CM-0', 4, '2019-04-15 13:28:52'),
(785, '2015-00072-CM-0', 5, '2019-04-15 13:28:52'),
(786, '2015-00324-CM-0', 1, '2019-04-15 13:32:01'),
(787, '2015-00324-CM-0', 2, '2019-04-15 13:32:01'),
(788, '2015-00324-CM-0', 3, '2019-04-15 13:32:01'),
(789, '2015-00324-CM-0', 4, '2019-04-15 13:32:01'),
(790, '2015-00324-CM-0', 5, '2019-04-15 13:32:01'),
(791, '2015-00042-CM-0', 1, '2019-04-15 13:35:44'),
(792, '2015-00042-CM-0', 2, '2019-04-15 13:35:44'),
(793, '2015-00042-CM-0', 3, '2019-04-15 13:35:44'),
(794, '2015-00042-CM-0', 4, '2019-04-15 13:35:45'),
(795, '2015-00042-CM-0', 5, '2019-04-15 13:35:45'),
(796, '2015-00270-CM-0', 1, '2019-04-15 13:38:01'),
(797, '2015-00270-CM-0', 2, '2019-04-15 13:38:01'),
(798, '2015-00270-CM-0', 3, '2019-04-15 13:38:01'),
(799, '2015-00270-CM-0', 4, '2019-04-15 13:38:01'),
(800, '2015-00270-CM-0', 5, '2019-04-15 13:38:01'),
(801, '2015-00208-CM-0', 1, '2019-04-15 13:39:59'),
(802, '2015-00208-CM-0', 2, '2019-04-15 13:39:59'),
(803, '2015-00208-CM-0', 3, '2019-04-15 13:39:59'),
(804, '2015-00208-CM-0', 4, '2019-04-15 13:39:59'),
(805, '2015-00208-CM-0', 5, '2019-04-15 13:39:59'),
(806, '2015-00049-CM-0', 1, '2019-04-15 13:41:59'),
(807, '2015-00049-CM-0', 2, '2019-04-15 13:41:59'),
(808, '2015-00049-CM-0', 3, '2019-04-15 13:41:59'),
(809, '2015-00049-CM-0', 4, '2019-04-15 13:41:59'),
(810, '2015-00049-CM-0', 5, '2019-04-15 13:41:59'),
(811, '2015-00041-CM-0', 1, '2019-04-15 13:43:35'),
(812, '2015-00041-CM-0', 2, '2019-04-15 13:43:35'),
(813, '2015-00041-CM-0', 3, '2019-04-15 13:43:35'),
(814, '2015-00041-CM-0', 4, '2019-04-15 13:43:35'),
(815, '2015-00041-CM-0', 5, '2019-04-15 13:43:35'),
(816, '2015-00122-CM-0', 1, '2019-04-15 13:45:04'),
(817, '2015-00122-CM-0', 2, '2019-04-15 13:45:04'),
(818, '2015-00122-CM-0', 3, '2019-04-15 13:45:04'),
(819, '2015-00122-CM-0', 4, '2019-04-15 13:45:04'),
(820, '2015-00122-CM-0', 5, '2019-04-15 13:45:04'),
(826, '2015-00576-CM-0', 1, '2019-04-15 13:51:58'),
(827, '2015-00576-CM-0', 2, '2019-04-15 13:51:58'),
(828, '2015-00576-CM-0', 3, '2019-04-15 13:51:58'),
(829, '2015-00576-CM-0', 4, '2019-04-15 13:51:58'),
(830, '2015-00576-CM-0', 5, '2019-04-15 13:51:58'),
(831, '2015-00337-CM-0', 1, '2019-04-15 13:54:29'),
(832, '2015-00337-CM-0', 2, '2019-04-15 13:54:29'),
(833, '2015-00337-CM-0', 3, '2019-04-15 13:54:29'),
(834, '2015-00337-CM-0', 4, '2019-04-15 13:54:29'),
(835, '2015-00337-CM-0', 5, '2019-04-15 13:54:29'),
(836, '2015-00536-CM-0', 1, '2019-04-15 13:56:16'),
(837, '2015-00536-CM-0', 2, '2019-04-15 13:56:16'),
(838, '2015-00536-CM-0', 3, '2019-04-15 13:56:16'),
(839, '2015-00536-CM-0', 4, '2019-04-15 13:56:16'),
(840, '2015-00536-CM-0', 5, '2019-04-15 13:56:16'),
(841, '2015-00582-CM-0', 1, '2019-04-15 13:58:04'),
(842, '2015-00582-CM-0', 2, '2019-04-15 13:58:04'),
(843, '2015-00582-CM-0', 3, '2019-04-15 13:58:04'),
(844, '2015-00582-CM-0', 4, '2019-04-15 13:58:04'),
(845, '2015-00582-CM-0', 5, '2019-04-15 13:58:04'),
(846, '2015-00078-CM-0', 1, '2019-04-15 14:01:15'),
(847, '2015-00078-CM-0', 2, '2019-04-15 14:01:15'),
(848, '2015-00078-CM-0', 3, '2019-04-15 14:01:15'),
(849, '2015-00078-CM-0', 4, '2019-04-15 14:01:15'),
(850, '2015-00078-CM-0', 5, '2019-04-15 14:01:15'),
(851, '2015-00185-CM-0', 1, '2019-04-15 14:05:13'),
(852, '2015-00185-CM-0', 2, '2019-04-15 14:05:13'),
(853, '2015-00185-CM-0', 3, '2019-04-15 14:05:13'),
(854, '2015-00185-CM-0', 4, '2019-04-15 14:05:13'),
(855, '2015-00185-CM-0', 5, '2019-04-15 14:05:13'),
(856, '2015-00120-CM-0', 1, '2019-04-15 14:06:57'),
(857, '2015-00120-CM-0', 2, '2019-04-15 14:06:57'),
(858, '2015-00120-CM-0', 3, '2019-04-15 14:06:57'),
(859, '2015-00120-CM-0', 4, '2019-04-15 14:06:57'),
(860, '2015-00120-CM-0', 5, '2019-04-15 14:06:57'),
(861, '2015-00166-CM-0', 1, '2019-04-15 14:10:40'),
(862, '2015-00166-CM-0', 2, '2019-04-15 14:10:40'),
(863, '2015-00166-CM-0', 3, '2019-04-15 14:10:40'),
(864, '2015-00166-CM-0', 4, '2019-04-15 14:10:40'),
(865, '2015-00166-CM-0', 5, '2019-04-15 14:10:40'),
(866, '2015-00301-CM-0', 1, '2019-04-15 14:12:48'),
(867, '2015-00301-CM-0', 2, '2019-04-15 14:12:48'),
(868, '2015-00301-CM-0', 3, '2019-04-15 14:12:48'),
(869, '2015-00301-CM-0', 4, '2019-04-15 14:12:48'),
(870, '2015-00301-CM-0', 5, '2019-04-15 14:12:48'),
(871, '2015-00121-CM-0', 1, '2019-04-15 14:14:40'),
(872, '2015-00121-CM-0', 2, '2019-04-15 14:14:40'),
(873, '2015-00121-CM-0', 3, '2019-04-15 14:14:40'),
(874, '2015-00121-CM-0', 4, '2019-04-15 14:14:40'),
(875, '2015-00121-CM-0', 5, '2019-04-15 14:14:40'),
(876, '2015-00233-CM-0', 1, '2019-04-15 14:17:56'),
(877, '2015-00233-CM-0', 2, '2019-04-15 14:17:56'),
(878, '2015-00233-CM-0', 3, '2019-04-15 14:17:56'),
(879, '2015-00233-CM-0', 4, '2019-04-15 14:17:56'),
(880, '2015-00233-CM-0', 5, '2019-04-15 14:17:56'),
(881, '2016-00611-CM-1', 1, '2019-04-15 14:28:29'),
(882, '2016-00611-CM-1', 2, '2019-04-15 14:28:29'),
(883, '2016-00611-CM-1', 3, '2019-04-15 14:28:29'),
(884, '2016-00611-CM-1', 4, '2019-04-15 14:28:29'),
(885, '2016-00611-CM-1', 5, '2019-04-15 14:28:29'),
(886, '2015-00131-CM-0', 1, '2019-04-15 14:30:50'),
(887, '2015-00131-CM-0', 2, '2019-04-15 14:30:50'),
(888, '2015-00131-CM-0', 3, '2019-04-15 14:30:50'),
(889, '2015-00131-CM-0', 4, '2019-04-15 14:30:50'),
(890, '2015-00131-CM-0', 5, '2019-04-15 14:30:50'),
(891, '2015-00393-CM-0', 1, '2019-04-15 14:37:52'),
(892, '2015-00393-CM-0', 2, '2019-04-15 14:37:52'),
(893, '2015-00393-CM-0', 3, '2019-04-15 14:37:52'),
(894, '2015-00393-CM-0', 4, '2019-04-15 14:37:52'),
(895, '2015-00393-CM-0', 5, '2019-04-15 14:37:52'),
(896, '2015-00015-CM-0', 1, '2019-04-15 14:41:47'),
(897, '2015-00015-CM-0', 2, '2019-04-15 14:41:47'),
(898, '2015-00015-CM-0', 3, '2019-04-15 14:41:47'),
(899, '2015-00015-CM-0', 4, '2019-04-15 14:41:47'),
(900, '2015-00015-CM-0', 5, '2019-04-15 14:41:47'),
(901, '2015-00251-CM-0', 1, '2019-04-15 14:51:12'),
(902, '2015-00251-CM-0', 2, '2019-04-15 14:51:12'),
(903, '2015-00251-CM-0', 3, '2019-04-15 14:51:12'),
(904, '2015-00251-CM-0', 4, '2019-04-15 14:51:12'),
(905, '2015-00251-CM-0', 5, '2019-04-15 14:51:12'),
(906, '2016-00596-CM-1', 1, '2019-04-15 14:52:51'),
(907, '2016-00596-CM-1', 2, '2019-04-15 14:52:51'),
(908, '2016-00596-CM-1', 3, '2019-04-15 14:52:51'),
(909, '2016-00596-CM-1', 4, '2019-04-15 14:52:51'),
(910, '2016-00596-CM-1', 5, '2019-04-15 14:52:51'),
(911, '2015-00201-CM-0', 1, '2019-04-15 14:54:44'),
(912, '2015-00201-CM-0', 2, '2019-04-15 14:54:44'),
(913, '2015-00201-CM-0', 3, '2019-04-15 14:54:44'),
(914, '2015-00201-CM-0', 4, '2019-04-15 14:54:44'),
(915, '2015-00201-CM-0', 5, '2019-04-15 14:54:44'),
(916, '2015-00281-CM-0', 1, '2019-04-15 14:59:01'),
(917, '2015-00281-CM-0', 2, '2019-04-15 14:59:01'),
(918, '2015-00281-CM-0', 3, '2019-04-15 14:59:01'),
(919, '2015-00281-CM-0', 4, '2019-04-15 14:59:01'),
(920, '2015-00281-CM-0', 5, '2019-04-15 14:59:01'),
(921, '2015-00142-CM-0', 1, '2019-04-15 15:01:26'),
(922, '2015-00142-CM-0', 2, '2019-04-15 15:01:26'),
(923, '2015-00142-CM-0', 3, '2019-04-15 15:01:26'),
(924, '2015-00142-CM-0', 4, '2019-04-15 15:01:26'),
(925, '2015-00142-CM-0', 5, '2019-04-15 15:01:26'),
(926, '2015-00008-CM-0', 1, '2019-04-15 15:02:37'),
(927, '2015-00008-CM-0', 2, '2019-04-15 15:02:37'),
(928, '2015-00008-CM-0', 3, '2019-04-15 15:02:37'),
(929, '2015-00008-CM-0', 4, '2019-04-15 15:02:37'),
(930, '2015-00008-CM-0', 5, '2019-04-15 15:02:37'),
(931, '2015-00018-CM-0', 1, '2019-04-15 15:04:01'),
(932, '2015-00018-CM-0', 2, '2019-04-15 15:04:01'),
(933, '2015-00018-CM-0', 3, '2019-04-15 15:04:01'),
(934, '2015-00018-CM-0', 4, '2019-04-15 15:04:01'),
(935, '2015-00018-CM-0', 5, '2019-04-15 15:04:01'),
(936, '2015-00103-CM-0', 1, '2019-04-15 15:05:44'),
(937, '2015-00103-CM-0', 2, '2019-04-15 15:05:44'),
(938, '2015-00103-CM-0', 3, '2019-04-15 15:05:44'),
(939, '2015-00103-CM-0', 4, '2019-04-15 15:05:44'),
(940, '2015-00103-CM-0', 5, '2019-04-15 15:05:44'),
(941, '2015-00215-CM-0', 1, '2019-04-15 15:08:11'),
(942, '2015-00215-CM-0', 2, '2019-04-15 15:08:11'),
(943, '2015-00215-CM-0', 3, '2019-04-15 15:08:11'),
(944, '2015-00215-CM-0', 4, '2019-04-15 15:08:11'),
(945, '2015-00215-CM-0', 5, '2019-04-15 15:08:11'),
(946, '2015-00225-CM-0', 1, '2019-04-15 15:11:38'),
(947, '2015-00225-CM-0', 2, '2019-04-15 15:11:38'),
(948, '2015-00225-CM-0', 3, '2019-04-15 15:11:38'),
(949, '2015-00225-CM-0', 4, '2019-04-15 15:11:38'),
(950, '2015-00225-CM-0', 5, '2019-04-15 15:11:38'),
(951, '2015-00079-CM-0', 1, '2019-04-15 15:21:41'),
(952, '2015-00079-CM-0', 2, '2019-04-15 15:21:41'),
(953, '2015-00079-CM-0', 3, '2019-04-15 15:21:41'),
(954, '2015-00079-CM-0', 4, '2019-04-15 15:21:41'),
(955, '2015-00079-CM-0', 5, '2019-04-15 15:21:41'),
(956, '2015-00070-CM-0', 1, '2019-04-15 15:32:21'),
(957, '2015-00070-CM-0', 2, '2019-04-15 15:32:21'),
(958, '2015-00070-CM-0', 3, '2019-04-15 15:32:21'),
(959, '2015-00070-CM-0', 4, '2019-04-15 15:32:21'),
(960, '2015-00070-CM-0', 5, '2019-04-15 15:32:21'),
(961, '2015-00343-CM-0', 1, '2019-04-15 15:34:07'),
(962, '2015-00343-CM-0', 2, '2019-04-15 15:34:08'),
(963, '2015-00343-CM-0', 3, '2019-04-15 15:34:08'),
(964, '2015-00343-CM-0', 4, '2019-04-15 15:34:08'),
(965, '2015-00343-CM-0', 5, '2019-04-15 15:34:08'),
(966, '2015-00209-CM-0', 1, '2019-04-15 15:36:38'),
(967, '2015-00209-CM-0', 2, '2019-04-15 15:36:38'),
(968, '2015-00209-CM-0', 3, '2019-04-15 15:36:38'),
(969, '2015-00209-CM-0', 4, '2019-04-15 15:36:39'),
(970, '2015-00209-CM-0', 5, '2019-04-15 15:36:39'),
(971, '2015-00562-CM-0', 1, '2019-04-15 15:39:45'),
(972, '2015-00562-CM-0', 2, '2019-04-15 15:39:45'),
(973, '2015-00562-CM-0', 3, '2019-04-15 15:39:45'),
(974, '2015-00562-CM-0', 4, '2019-04-15 15:39:45'),
(975, '2015-00562-CM-0', 5, '2019-04-15 15:39:45'),
(976, '2015-00134-CM-0', 1, '2019-04-15 15:43:03'),
(977, '2015-00134-CM-0', 2, '2019-04-15 15:43:03'),
(978, '2015-00134-CM-0', 3, '2019-04-15 15:43:03'),
(979, '2015-00134-CM-0', 4, '2019-04-15 15:43:03'),
(980, '2015-00134-CM-0', 5, '2019-04-15 15:43:03'),
(981, '2015-00231-CM-0', 1, '2019-04-15 15:48:09'),
(982, '2015-00231-CM-0', 2, '2019-04-15 15:48:09'),
(983, '2015-00231-CM-0', 3, '2019-04-15 15:48:09'),
(984, '2015-00231-CM-0', 4, '2019-04-15 15:48:09'),
(985, '2015-00231-CM-0', 5, '2019-04-15 15:48:09'),
(986, '2015-00402-CM-0', 1, '2019-04-15 15:52:04'),
(987, '2015-00402-CM-0', 2, '2019-04-15 15:52:04'),
(988, '2015-00402-CM-0', 3, '2019-04-15 15:52:04'),
(989, '2015-00402-CM-0', 4, '2019-04-15 15:52:04'),
(990, '2015-00402-CM-0', 5, '2019-04-15 15:52:04'),
(991, '2015-00177-CM-0', 1, '2019-04-15 16:03:24'),
(992, '2015-00177-CM-0', 2, '2019-04-15 16:03:24'),
(993, '2015-00177-CM-0', 3, '2019-04-15 16:03:24'),
(994, '2015-00177-CM-0', 4, '2019-04-15 16:03:24'),
(995, '2015-00177-CM-0', 5, '2019-04-15 16:03:24'),
(996, '2015-00179-CM-0', 1, '2019-04-15 16:05:46'),
(997, '2015-00179-CM-0', 2, '2019-04-15 16:05:46'),
(998, '2015-00179-CM-0', 3, '2019-04-15 16:05:46'),
(999, '2015-00179-CM-0', 4, '2019-04-15 16:05:46'),
(1000, '2015-00179-CM-0', 5, '2019-04-15 16:05:46'),
(1001, '2015-00263-CM-0', 1, '2019-04-15 16:35:16'),
(1002, '2015-00263-CM-0', 2, '2019-04-15 16:35:16'),
(1003, '2015-00263-CM-0', 3, '2019-04-15 16:35:16'),
(1004, '2015-00263-CM-0', 4, '2019-04-15 16:35:16'),
(1005, '2015-00263-CM-0', 5, '2019-04-15 16:35:16'),
(1006, '2015-00057-CM-0', 1, '2019-04-15 16:39:23'),
(1007, '2015-00057-CM-0', 2, '2019-04-15 16:39:23'),
(1008, '2015-00057-CM-0', 3, '2019-04-15 16:39:23'),
(1009, '2015-00057-CM-0', 4, '2019-04-15 16:39:23'),
(1010, '2015-00057-CM-0', 5, '2019-04-15 16:39:23');
INSERT INTO `t_student_transact` (`strs_ID`, `strs_stud_num`, `strs_prtclr_ref`, `strs_timestamp`) VALUES
(1011, '2015-00275-CM-0', 1, '2019-04-15 16:42:13'),
(1012, '2015-00275-CM-0', 2, '2019-04-15 16:42:13'),
(1013, '2015-00275-CM-0', 3, '2019-04-15 16:42:13'),
(1014, '2015-00275-CM-0', 4, '2019-04-15 16:42:13'),
(1015, '2015-00275-CM-0', 5, '2019-04-15 16:42:13'),
(1016, '2015-00204-CM-0', 1, '2019-04-15 17:03:01'),
(1017, '2015-00204-CM-0', 2, '2019-04-15 17:03:01'),
(1018, '2015-00204-CM-0', 3, '2019-04-15 17:03:01'),
(1019, '2015-00204-CM-0', 4, '2019-04-15 17:03:01'),
(1020, '2015-00204-CM-0', 5, '2019-04-15 17:03:01'),
(1021, '2015-00095-CM-0', 1, '2019-04-16 10:44:57'),
(1022, '2015-00095-CM-0', 2, '2019-04-16 10:44:57'),
(1023, '2015-00095-CM-0', 3, '2019-04-16 10:44:57'),
(1024, '2015-00095-CM-0', 4, '2019-04-16 10:44:57'),
(1025, '2015-00095-CM-0', 5, '2019-04-16 10:44:57'),
(1026, '2017-00407-CM-1', 1, '2019-04-16 12:27:08'),
(1027, '2017-00407-CM-1', 2, '2019-04-16 12:27:08'),
(1028, '2017-00407-CM-1', 3, '2019-04-16 12:27:08'),
(1029, '2017-00407-CM-1', 4, '2019-04-16 12:27:08'),
(1030, '2017-00407-CM-1', 5, '2019-04-16 12:27:08'),
(1031, '2015-00216-CM-0', 1, '2019-04-16 12:55:47'),
(1032, '2015-00216-CM-0', 2, '2019-04-16 12:55:47'),
(1033, '2015-00216-CM-0', 3, '2019-04-16 12:55:47'),
(1034, '2015-00216-CM-0', 4, '2019-04-16 12:55:47'),
(1035, '2015-00216-CM-0', 5, '2019-04-16 12:55:47'),
(1036, '2015-00265-CM-0', 1, '2019-04-16 13:50:36'),
(1037, '2015-00265-CM-0', 2, '2019-04-16 13:50:36'),
(1038, '2015-00265-CM-0', 3, '2019-04-16 13:50:36'),
(1039, '2015-00265-CM-0', 4, '2019-04-16 13:50:36'),
(1040, '2015-00265-CM-0', 5, '2019-04-16 13:50:36'),
(1041, '2015-00180-CM-0', 1, '2019-04-16 13:53:06'),
(1042, '2015-00180-CM-0', 2, '2019-04-16 13:53:06'),
(1043, '2015-00180-CM-0', 3, '2019-04-16 13:53:06'),
(1044, '2015-00180-CM-0', 4, '2019-04-16 13:53:06'),
(1045, '2015-00180-CM-0', 5, '2019-04-16 13:53:06'),
(1046, '2014-00318-CM-0', 1, '2019-04-16 14:13:09'),
(1047, '2014-00318-CM-0', 2, '2019-04-16 14:13:09'),
(1048, '2014-00318-CM-0', 3, '2019-04-16 14:13:09'),
(1049, '2014-00318-CM-0', 4, '2019-04-16 14:13:09'),
(1050, '2014-00318-CM-0', 5, '2019-04-16 14:13:09'),
(1051, '2015-00272-CM-0', 1, '2019-04-16 14:23:58'),
(1052, '2015-00272-CM-0', 2, '2019-04-16 14:23:58'),
(1053, '2015-00272-CM-0', 3, '2019-04-16 14:23:58'),
(1054, '2015-00272-CM-0', 4, '2019-04-16 14:23:58'),
(1055, '2015-00272-CM-0', 5, '2019-04-16 14:23:58'),
(1056, '2015-00034-CM-0', 1, '2019-04-16 15:54:54'),
(1057, '2015-00034-CM-0', 2, '2019-04-16 15:54:54'),
(1058, '2015-00034-CM-0', 3, '2019-04-16 15:54:54'),
(1059, '2015-00034-CM-0', 4, '2019-04-16 15:54:54'),
(1060, '2015-00034-CM-0', 5, '2019-04-16 15:54:54'),
(1061, '2015-00083-CM-0', 1, '2019-04-16 16:12:10'),
(1062, '2015-00083-CM-0', 2, '2019-04-16 16:12:10'),
(1063, '2015-00083-CM-0', 3, '2019-04-16 16:12:10'),
(1064, '2015-00083-CM-0', 4, '2019-04-16 16:12:10'),
(1065, '2015-00083-CM-0', 5, '2019-04-16 16:12:10'),
(1066, '2015-00032-CM-0', 1, '2019-04-16 16:14:18'),
(1067, '2015-00032-CM-0', 2, '2019-04-16 16:14:18'),
(1068, '2015-00032-CM-0', 3, '2019-04-16 16:14:18'),
(1069, '2015-00032-CM-0', 4, '2019-04-16 16:14:18'),
(1070, '2015-00032-CM-0', 5, '2019-04-16 16:14:18'),
(1071, '2015-00174-CM-0', 1, '2019-04-16 16:26:00'),
(1072, '2015-00174-CM-0', 2, '2019-04-16 16:26:00'),
(1073, '2015-00174-CM-0', 3, '2019-04-16 16:26:00'),
(1074, '2015-00174-CM-0', 4, '2019-04-16 16:26:00'),
(1075, '2015-00174-CM-0', 5, '2019-04-16 16:26:00'),
(1076, '2014-00317-CM-0', 1, '2019-04-16 16:28:01'),
(1077, '2014-00317-CM-0', 2, '2019-04-16 16:28:01'),
(1078, '2014-00317-CM-0', 3, '2019-04-16 16:28:01'),
(1079, '2014-00317-CM-0', 4, '2019-04-16 16:28:01'),
(1080, '2014-00317-CM-0', 5, '2019-04-16 16:28:02'),
(1081, '2015-00110-CM-0', 1, '2019-04-16 16:30:01'),
(1082, '2015-00110-CM-0', 2, '2019-04-16 16:30:01'),
(1083, '2015-00110-CM-0', 3, '2019-04-16 16:30:01'),
(1084, '2015-00110-CM-0', 4, '2019-04-16 16:30:01'),
(1085, '2015-00110-CM-0', 5, '2019-04-16 16:30:01'),
(1086, '2015-00334-CM-0', 1, '2019-04-22 09:29:05'),
(1087, '2015-00334-CM-0', 2, '2019-04-22 09:29:05'),
(1088, '2015-00334-CM-0', 3, '2019-04-22 09:29:05'),
(1089, '2015-00334-CM-0', 4, '2019-04-22 09:29:05'),
(1090, '2015-00334-CM-0', 5, '2019-04-22 09:29:05'),
(1091, '2015-00408-CM-0', 1, '2019-04-22 09:50:44'),
(1092, '2015-00408-CM-0', 2, '2019-04-22 09:50:44'),
(1093, '2015-00408-CM-0', 3, '2019-04-22 09:50:44'),
(1094, '2015-00408-CM-0', 4, '2019-04-22 09:50:44'),
(1095, '2015-00408-CM-0', 5, '2019-04-22 09:50:44'),
(1096, '2015-00026-CM-0', 1, '2019-04-22 09:54:37'),
(1097, '2015-00026-CM-0', 2, '2019-04-22 09:54:37'),
(1098, '2015-00026-CM-0', 3, '2019-04-22 09:54:37'),
(1099, '2015-00026-CM-0', 4, '2019-04-22 09:54:37'),
(1100, '2015-00026-CM-0', 5, '2019-04-22 09:54:37'),
(1101, '2015-00123-CM-0', 1, '2019-04-22 10:38:48'),
(1102, '2015-00123-CM-0', 2, '2019-04-22 10:38:48'),
(1103, '2015-00123-CM-0', 3, '2019-04-22 10:38:48'),
(1104, '2015-00123-CM-0', 4, '2019-04-22 10:38:48'),
(1105, '2015-00123-CM-0', 5, '2019-04-22 10:38:48'),
(1106, '2015-00266-CM-0', 1, '2019-04-22 10:41:46'),
(1107, '2015-00266-CM-0', 2, '2019-04-22 10:41:46'),
(1108, '2015-00266-CM-0', 3, '2019-04-22 10:41:46'),
(1109, '2015-00266-CM-0', 4, '2019-04-22 10:41:46'),
(1110, '2015-00266-CM-0', 5, '2019-04-22 10:41:46'),
(1111, '2015-00670-CM-0', 1, '2019-04-22 10:43:38'),
(1112, '2015-00670-CM-0', 2, '2019-04-22 10:43:38'),
(1113, '2015-00670-CM-0', 3, '2019-04-22 10:43:38'),
(1114, '2015-00670-CM-0', 4, '2019-04-22 10:43:38'),
(1115, '2015-00670-CM-0', 5, '2019-04-22 10:43:38'),
(1116, '2015-00125-CM-0', 1, '2019-04-22 10:45:57'),
(1117, '2015-00125-CM-0', 2, '2019-04-22 10:45:57'),
(1118, '2015-00125-CM-0', 3, '2019-04-22 10:45:57'),
(1119, '2015-00125-CM-0', 4, '2019-04-22 10:45:57'),
(1120, '2015-00125-CM-0', 5, '2019-04-22 10:45:57'),
(1121, '2015-00259-CM-0', 1, '2019-04-22 10:47:59'),
(1122, '2015-00259-CM-0', 2, '2019-04-22 10:48:00'),
(1123, '2015-00259-CM-0', 3, '2019-04-22 10:48:00'),
(1124, '2015-00259-CM-0', 4, '2019-04-22 10:48:00'),
(1125, '2015-00259-CM-0', 5, '2019-04-22 10:48:00'),
(1126, '2015-00181-CM-0', 1, '2019-04-22 10:50:27'),
(1127, '2015-00181-CM-0', 2, '2019-04-22 10:50:27'),
(1128, '2015-00181-CM-0', 3, '2019-04-22 10:50:27'),
(1129, '2015-00181-CM-0', 4, '2019-04-22 10:50:27'),
(1130, '2015-00181-CM-0', 5, '2019-04-22 10:50:27'),
(1131, '2015-00053-CM-0', 1, '2019-04-22 10:52:39'),
(1132, '2015-00053-CM-0', 2, '2019-04-22 10:52:39'),
(1133, '2015-00053-CM-0', 3, '2019-04-22 10:52:39'),
(1134, '2015-00053-CM-0', 4, '2019-04-22 10:52:40'),
(1135, '2015-00053-CM-0', 5, '2019-04-22 10:52:40'),
(1141, '2015-00509-CM-0', 1, '2019-04-22 11:05:12'),
(1142, '2015-00509-CM-0', 2, '2019-04-22 11:05:12'),
(1143, '2015-00509-CM-0', 3, '2019-04-22 11:05:12'),
(1144, '2015-00509-CM-0', 4, '2019-04-22 11:05:12'),
(1145, '2015-00509-CM-0', 5, '2019-04-22 11:05:12'),
(1146, '2015-00595-CM-0', 1, '2019-04-22 11:07:09'),
(1147, '2015-00595-CM-0', 2, '2019-04-22 11:07:09'),
(1148, '2015-00595-CM-0', 3, '2019-04-22 11:07:09'),
(1149, '2015-00595-CM-0', 4, '2019-04-22 11:07:09'),
(1150, '2015-00595-CM-0', 5, '2019-04-22 11:07:09'),
(1151, '2015-00155-CM-0', 1, '2019-04-22 11:27:31'),
(1152, '2015-00155-CM-0', 2, '2019-04-22 11:27:31'),
(1153, '2015-00155-CM-0', 3, '2019-04-22 11:27:31'),
(1154, '2015-00155-CM-0', 4, '2019-04-22 11:27:31'),
(1155, '2015-00155-CM-0', 5, '2019-04-22 11:27:31'),
(1156, '2015-00214-CM-0', 1, '2019-04-22 11:29:25'),
(1157, '2015-00214-CM-0', 2, '2019-04-22 11:29:25'),
(1158, '2015-00214-CM-0', 3, '2019-04-22 11:29:25'),
(1159, '2015-00214-CM-0', 4, '2019-04-22 11:29:25'),
(1160, '2015-00214-CM-0', 5, '2019-04-22 11:29:25'),
(1161, '2015-00039-CM-0', 1, '2019-04-22 11:31:52'),
(1162, '2015-00039-CM-0', 2, '2019-04-22 11:31:52'),
(1163, '2015-00039-CM-0', 3, '2019-04-22 11:31:52'),
(1164, '2015-00039-CM-0', 4, '2019-04-22 11:31:52'),
(1165, '2015-00039-CM-0', 5, '2019-04-22 11:31:52'),
(1166, '2015-00148-CM-0', 1, '2019-04-22 11:34:33'),
(1167, '2015-00148-CM-0', 2, '2019-04-22 11:34:33'),
(1168, '2015-00148-CM-0', 3, '2019-04-22 11:34:33'),
(1169, '2015-00148-CM-0', 4, '2019-04-22 11:34:33'),
(1170, '2015-00148-CM-0', 5, '2019-04-22 11:34:33'),
(1171, '2015-00182-CM-0', 1, '2019-04-22 11:38:03'),
(1172, '2015-00182-CM-0', 2, '2019-04-22 11:38:03'),
(1173, '2015-00182-CM-0', 3, '2019-04-22 11:38:03'),
(1174, '2015-00182-CM-0', 4, '2019-04-22 11:38:03'),
(1175, '2015-00182-CM-0', 5, '2019-04-22 11:38:03'),
(1176, '2015-00116-CM-0', 1, '2019-04-22 11:40:17'),
(1177, '2015-00116-CM-0', 2, '2019-04-22 11:40:17'),
(1178, '2015-00116-CM-0', 3, '2019-04-22 11:40:17'),
(1179, '2015-00116-CM-0', 4, '2019-04-22 11:40:17'),
(1180, '2015-00116-CM-0', 5, '2019-04-22 11:40:17'),
(1181, '2015-00115-CM-0', 1, '2019-04-22 11:43:01'),
(1182, '2015-00115-CM-0', 2, '2019-04-22 11:43:01'),
(1183, '2015-00115-CM-0', 3, '2019-04-22 11:43:01'),
(1184, '2015-00115-CM-0', 4, '2019-04-22 11:43:01'),
(1185, '2015-00115-CM-0', 5, '2019-04-22 11:43:01'),
(1186, '2015-00213-CM-0', 1, '2019-04-22 11:45:07'),
(1187, '2015-00213-CM-0', 2, '2019-04-22 11:45:07'),
(1188, '2015-00213-CM-0', 3, '2019-04-22 11:45:07'),
(1189, '2015-00213-CM-0', 4, '2019-04-22 11:45:07'),
(1190, '2015-00213-CM-0', 5, '2019-04-22 11:45:07'),
(1191, '2015-00054-CM-0', 1, '2019-04-22 11:48:24'),
(1192, '2015-00054-CM-0', 2, '2019-04-22 11:48:24'),
(1193, '2015-00054-CM-0', 3, '2019-04-22 11:48:24'),
(1194, '2015-00054-CM-0', 4, '2019-04-22 11:48:24'),
(1195, '2015-00054-CM-0', 5, '2019-04-22 11:48:24'),
(1196, '2015-00662-CM-0', 1, '2019-04-22 11:50:12'),
(1197, '2015-00662-CM-0', 2, '2019-04-22 11:50:12'),
(1198, '2015-00662-CM-0', 3, '2019-04-22 11:50:12'),
(1199, '2015-00662-CM-0', 4, '2019-04-22 11:50:12'),
(1200, '2015-00662-CM-0', 5, '2019-04-22 11:50:12'),
(1201, '2015-00199-CM-0', 1, '2019-04-22 11:51:41'),
(1202, '2015-00199-CM-0', 2, '2019-04-22 11:51:41'),
(1203, '2015-00199-CM-0', 3, '2019-04-22 11:51:41'),
(1204, '2015-00199-CM-0', 4, '2019-04-22 11:51:42'),
(1205, '2015-00199-CM-0', 5, '2019-04-22 11:51:42'),
(1206, '2015-00291-CM-0', 1, '2019-04-22 11:54:19'),
(1207, '2015-00291-CM-0', 2, '2019-04-22 11:54:19'),
(1208, '2015-00291-CM-0', 3, '2019-04-22 11:54:19'),
(1209, '2015-00291-CM-0', 4, '2019-04-22 11:54:19'),
(1210, '2015-00291-CM-0', 5, '2019-04-22 11:54:19'),
(1211, '2015-00273-CM-0', 1, '2019-04-22 11:56:59'),
(1212, '2015-00273-CM-0', 2, '2019-04-22 11:57:00'),
(1213, '2015-00273-CM-0', 3, '2019-04-22 11:57:00'),
(1214, '2015-00273-CM-0', 4, '2019-04-22 11:57:00'),
(1215, '2015-00273-CM-0', 5, '2019-04-22 11:57:00'),
(1216, '2015-00554-CM-0', 1, '2019-04-22 12:01:06'),
(1217, '2015-00554-CM-0', 2, '2019-04-22 12:01:06'),
(1218, '2015-00554-CM-0', 3, '2019-04-22 12:01:06'),
(1219, '2015-00554-CM-0', 4, '2019-04-22 12:01:06'),
(1220, '2015-00554-CM-0', 5, '2019-04-22 12:01:06'),
(1221, '2015-00403-CM-0', 1, '2019-04-22 12:04:35'),
(1222, '2015-00403-CM-0', 2, '2019-04-22 12:04:35'),
(1223, '2015-00403-CM-0', 3, '2019-04-22 12:04:35'),
(1224, '2015-00403-CM-0', 4, '2019-04-22 12:04:35'),
(1225, '2015-00403-CM-0', 5, '2019-04-22 12:04:35'),
(1226, '2015-00071-CM-0', 1, '2019-04-22 12:32:23'),
(1227, '2015-00071-CM-0', 2, '2019-04-22 12:32:23'),
(1228, '2015-00071-CM-0', 3, '2019-04-22 12:32:23'),
(1229, '2015-00071-CM-0', 4, '2019-04-22 12:32:23'),
(1230, '2015-00071-CM-0', 5, '2019-04-22 12:32:23'),
(1231, '2015-00187-CM-0', 1, '2019-04-22 12:34:12'),
(1232, '2015-00187-CM-0', 2, '2019-04-22 12:34:12'),
(1233, '2015-00187-CM-0', 3, '2019-04-22 12:34:12'),
(1234, '2015-00187-CM-0', 4, '2019-04-22 12:34:12'),
(1235, '2015-00187-CM-0', 5, '2019-04-22 12:34:12'),
(1241, '2015-00338-CM-0', 1, '2019-04-22 12:51:56'),
(1242, '2015-00338-CM-0', 2, '2019-04-22 12:51:56'),
(1243, '2015-00338-CM-0', 3, '2019-04-22 12:51:56'),
(1244, '2015-00338-CM-0', 4, '2019-04-22 12:51:56'),
(1245, '2015-00338-CM-0', 5, '2019-04-22 12:51:56'),
(1246, '2015-00119-CM-0', 1, '2019-04-22 12:53:53'),
(1247, '2015-00119-CM-0', 2, '2019-04-22 12:53:53'),
(1248, '2015-00119-CM-0', 3, '2019-04-22 12:53:53'),
(1249, '2015-00119-CM-0', 4, '2019-04-22 12:53:53'),
(1250, '2015-00119-CM-0', 5, '2019-04-22 12:53:53'),
(1251, '2015-00255-CM-0', 1, '2019-04-22 12:56:18'),
(1252, '2015-00255-CM-0', 2, '2019-04-22 12:56:18'),
(1253, '2015-00255-CM-0', 3, '2019-04-22 12:56:18'),
(1254, '2015-00255-CM-0', 4, '2019-04-22 12:56:18'),
(1255, '2015-00255-CM-0', 5, '2019-04-22 12:56:18'),
(1256, '2015-00240-CM-0', 1, '2019-04-22 12:58:39'),
(1257, '2015-00240-CM-0', 2, '2019-04-22 12:58:39'),
(1258, '2015-00240-CM-0', 3, '2019-04-22 12:58:39'),
(1259, '2015-00240-CM-0', 4, '2019-04-22 12:58:39'),
(1260, '2015-00240-CM-0', 5, '2019-04-22 12:58:39'),
(1261, '2015-00170-CM-0', 1, '2019-04-22 13:00:20'),
(1262, '2015-00170-CM-0', 2, '2019-04-22 13:00:20'),
(1263, '2015-00170-CM-0', 3, '2019-04-22 13:00:20'),
(1264, '2015-00170-CM-0', 4, '2019-04-22 13:00:20'),
(1265, '2015-00170-CM-0', 5, '2019-04-22 13:00:20'),
(1266, '2015-00580-CM-0', 1, '2019-04-22 13:02:28'),
(1267, '2015-00580-CM-0', 2, '2019-04-22 13:02:28'),
(1268, '2015-00580-CM-0', 3, '2019-04-22 13:02:28'),
(1269, '2015-00580-CM-0', 4, '2019-04-22 13:02:28'),
(1270, '2015-00580-CM-0', 5, '2019-04-22 13:02:28'),
(1271, '2015-00064-CM-0', 1, '2019-04-22 13:09:50'),
(1272, '2015-00064-CM-0', 2, '2019-04-22 13:09:50'),
(1273, '2015-00064-CM-0', 3, '2019-04-22 13:09:50'),
(1274, '2015-00064-CM-0', 4, '2019-04-22 13:09:50'),
(1275, '2015-00064-CM-0', 5, '2019-04-22 13:09:50'),
(1276, '2015-00257-CM-0', 1, '2019-04-22 13:16:33'),
(1277, '2015-00257-CM-0', 2, '2019-04-22 13:16:33'),
(1278, '2015-00257-CM-0', 3, '2019-04-22 13:16:33'),
(1279, '2015-00257-CM-0', 4, '2019-04-22 13:16:33'),
(1280, '2015-00257-CM-0', 5, '2019-04-22 13:16:33'),
(1281, '2015-00399-CM-0', 1, '2019-04-22 13:23:24'),
(1282, '2015-00399-CM-0', 2, '2019-04-22 13:23:24'),
(1283, '2015-00399-CM-0', 3, '2019-04-22 13:23:24'),
(1284, '2015-00399-CM-0', 4, '2019-04-22 13:23:24'),
(1285, '2015-00399-CM-0', 5, '2019-04-22 13:23:24'),
(1286, '2015-00243-CM-0', 1, '2019-04-22 13:32:56'),
(1287, '2015-00243-CM-0', 2, '2019-04-22 13:32:56'),
(1288, '2015-00243-CM-0', 3, '2019-04-22 13:32:56'),
(1289, '2015-00243-CM-0', 4, '2019-04-22 13:32:57'),
(1290, '2015-00243-CM-0', 5, '2019-04-22 13:32:57'),
(1291, '2015-00235-CM-0', 1, '2019-04-22 13:37:18'),
(1292, '2015-00235-CM-0', 2, '2019-04-22 13:37:18'),
(1293, '2015-00235-CM-0', 3, '2019-04-22 13:37:18'),
(1294, '2015-00235-CM-0', 4, '2019-04-22 13:37:18'),
(1295, '2015-00235-CM-0', 5, '2019-04-22 13:37:18'),
(1296, '2015-00183-CM-0', 1, '2019-04-22 13:50:04'),
(1297, '2015-00183-CM-0', 2, '2019-04-22 13:50:04'),
(1298, '2015-00183-CM-0', 3, '2019-04-22 13:50:04'),
(1299, '2015-00183-CM-0', 4, '2019-04-22 13:50:04'),
(1300, '2015-00183-CM-0', 5, '2019-04-22 13:50:04'),
(1301, '2015-00218-CM-0', 1, '2019-04-22 13:51:17'),
(1302, '2015-00218-CM-0', 2, '2019-04-22 13:51:17'),
(1303, '2015-00218-CM-0', 3, '2019-04-22 13:51:17'),
(1304, '2015-00218-CM-0', 4, '2019-04-22 13:51:17'),
(1305, '2015-00218-CM-0', 5, '2019-04-22 13:51:17'),
(1306, '2015-00714-CM-1', 1, '2019-04-22 14:02:07'),
(1307, '2015-00714-CM-1', 2, '2019-04-22 14:02:07'),
(1308, '2015-00714-CM-1', 3, '2019-04-22 14:02:07'),
(1309, '2015-00714-CM-1', 4, '2019-04-22 14:02:08'),
(1310, '2015-00714-CM-1', 5, '2019-04-22 14:02:08'),
(1311, '2015-00712-CM-1', 1, '2019-04-22 14:03:28'),
(1312, '2015-00712-CM-1', 2, '2019-04-22 14:03:28'),
(1313, '2015-00712-CM-1', 3, '2019-04-22 14:03:28'),
(1314, '2015-00712-CM-1', 4, '2019-04-22 14:03:28'),
(1315, '2015-00712-CM-1', 5, '2019-04-22 14:03:28'),
(1316, '2015-00715-CM-1', 1, '2019-04-22 14:05:27'),
(1317, '2015-00715-CM-1', 2, '2019-04-22 14:05:27'),
(1318, '2015-00715-CM-1', 3, '2019-04-22 14:05:27'),
(1319, '2015-00715-CM-1', 4, '2019-04-22 14:05:27'),
(1320, '2015-00715-CM-1', 5, '2019-04-22 14:05:27'),
(1321, '2015-00036-CM-0', 1, '2019-04-22 14:07:25'),
(1322, '2015-00036-CM-0', 2, '2019-04-22 14:07:25'),
(1323, '2015-00036-CM-0', 3, '2019-04-22 14:07:25'),
(1324, '2015-00036-CM-0', 4, '2019-04-22 14:07:25'),
(1325, '2015-00036-CM-0', 5, '2019-04-22 14:07:25'),
(1326, '2015-00036-CM-0', 1, '2019-04-22 14:08:31'),
(1327, '2015-00036-CM-0', 2, '2019-04-22 14:08:32'),
(1328, '2015-00036-CM-0', 3, '2019-04-22 14:08:32'),
(1329, '2015-00036-CM-0', 4, '2019-04-22 14:08:32'),
(1330, '2015-00036-CM-0', 5, '2019-04-22 14:08:32'),
(1331, '2015-00084-CM-0', 1, '2019-04-22 14:11:43'),
(1332, '2015-00084-CM-0', 2, '2019-04-22 14:11:43'),
(1333, '2015-00084-CM-0', 3, '2019-04-22 14:11:43'),
(1334, '2015-00084-CM-0', 4, '2019-04-22 14:11:43'),
(1335, '2015-00084-CM-0', 5, '2019-04-22 14:11:43'),
(1336, '2015-00249-CM-0', 1, '2019-04-22 14:18:08'),
(1337, '2015-00249-CM-0', 2, '2019-04-22 14:18:08'),
(1338, '2015-00249-CM-0', 3, '2019-04-22 14:18:08'),
(1339, '2015-00249-CM-0', 4, '2019-04-22 14:18:08'),
(1340, '2015-00249-CM-0', 5, '2019-04-22 14:18:08'),
(1341, '2015-00025-CM-0', 1, '2019-04-22 14:21:08'),
(1342, '2015-00025-CM-0', 2, '2019-04-22 14:21:08'),
(1343, '2015-00025-CM-0', 3, '2019-04-22 14:21:08'),
(1344, '2015-00025-CM-0', 4, '2019-04-22 14:21:08'),
(1345, '2015-00025-CM-0', 5, '2019-04-22 14:21:08'),
(1346, '2015-00101-CM-0', 1, '2019-04-22 14:23:16'),
(1347, '2015-00101-CM-0', 2, '2019-04-22 14:23:16'),
(1348, '2015-00101-CM-0', 3, '2019-04-22 14:23:16'),
(1349, '2015-00101-CM-0', 4, '2019-04-22 14:23:16'),
(1350, '2015-00101-CM-0', 5, '2019-04-22 14:23:16'),
(1351, '2015-00186-CM-0', 1, '2019-04-22 14:25:47'),
(1352, '2015-00186-CM-0', 2, '2019-04-22 14:25:47'),
(1353, '2015-00186-CM-0', 3, '2019-04-22 14:25:47'),
(1354, '2015-00186-CM-0', 4, '2019-04-22 14:25:47'),
(1355, '2015-00186-CM-0', 5, '2019-04-22 14:25:47'),
(1356, '2015-00180-CM-0', 1, '2019-04-22 14:29:36'),
(1357, '2015-00180-CM-0', 2, '2019-04-22 14:29:36'),
(1358, '2015-00180-CM-0', 3, '2019-04-22 14:29:36'),
(1359, '2015-00180-CM-0', 4, '2019-04-22 14:29:36'),
(1360, '2015-00180-CM-0', 5, '2019-04-22 14:29:36'),
(1361, '2015-00264-CM-0', 1, '2019-04-22 14:37:29'),
(1362, '2015-00264-CM-0', 2, '2019-04-22 14:37:29'),
(1363, '2015-00264-CM-0', 3, '2019-04-22 14:37:29'),
(1364, '2015-00264-CM-0', 4, '2019-04-22 14:37:29'),
(1365, '2015-00264-CM-0', 5, '2019-04-22 14:37:29'),
(1366, '2015-00258-CM-0', 1, '2019-04-22 14:40:56'),
(1367, '2015-00258-CM-0', 2, '2019-04-22 14:40:56'),
(1368, '2015-00258-CM-0', 3, '2019-04-22 14:40:56'),
(1369, '2015-00258-CM-0', 4, '2019-04-22 14:40:56'),
(1370, '2015-00258-CM-0', 5, '2019-04-22 14:40:56'),
(1371, '2015-00091-CM-0', 1, '2019-04-22 14:43:18'),
(1372, '2015-00091-CM-0', 2, '2019-04-22 14:43:18'),
(1373, '2015-00091-CM-0', 3, '2019-04-22 14:43:18'),
(1374, '2015-00091-CM-0', 4, '2019-04-22 14:43:18'),
(1375, '2015-00091-CM-0', 5, '2019-04-22 14:43:18'),
(1376, '2015-00284-CM-0', 1, '2019-04-22 14:45:19'),
(1377, '2015-00284-CM-0', 2, '2019-04-22 14:45:19'),
(1378, '2015-00284-CM-0', 3, '2019-04-22 14:45:19'),
(1379, '2015-00284-CM-0', 4, '2019-04-22 14:45:19'),
(1380, '2015-00284-CM-0', 5, '2019-04-22 14:45:19'),
(1386, '2015-00276-CM-0', 1, '2019-04-22 14:55:44'),
(1387, '2015-00276-CM-0', 2, '2019-04-22 14:55:44'),
(1388, '2015-00276-CM-0', 3, '2019-04-22 14:55:44'),
(1389, '2015-00276-CM-0', 4, '2019-04-22 14:55:45'),
(1390, '2015-00276-CM-0', 5, '2019-04-22 14:55:45'),
(1391, '2015-00133-CM-0', 1, '2019-04-22 15:10:52'),
(1392, '2015-00133-CM-0', 2, '2019-04-22 15:10:52'),
(1393, '2015-00133-CM-0', 3, '2019-04-22 15:10:52'),
(1394, '2015-00133-CM-0', 4, '2019-04-22 15:10:52'),
(1395, '2015-00133-CM-0', 5, '2019-04-22 15:10:52'),
(1396, '2015-00006-CM-0', 1, '2019-04-22 15:14:15'),
(1397, '2015-00006-CM-0', 2, '2019-04-22 15:14:15'),
(1398, '2015-00006-CM-0', 3, '2019-04-22 15:14:15'),
(1399, '2015-00006-CM-0', 4, '2019-04-22 15:14:15'),
(1400, '2015-00006-CM-0', 5, '2019-04-22 15:14:15'),
(1401, '2015-00146-CM-0', 1, '2019-04-22 15:38:33'),
(1402, '2015-00146-CM-0', 2, '2019-04-22 15:38:33'),
(1403, '2015-00146-CM-0', 3, '2019-04-22 15:38:33'),
(1404, '2015-00146-CM-0', 4, '2019-04-22 15:38:33'),
(1405, '2015-00146-CM-0', 5, '2019-04-22 15:38:33'),
(1406, '2015-00626-CM-0', 1, '2019-04-22 15:40:48'),
(1407, '2015-00626-CM-0', 2, '2019-04-22 15:40:48'),
(1408, '2015-00626-CM-0', 3, '2019-04-22 15:40:48'),
(1409, '2015-00626-CM-0', 4, '2019-04-22 15:40:48'),
(1410, '2015-00626-CM-0', 5, '2019-04-22 15:40:48'),
(1411, '2015-00346-CM-0', 1, '2019-04-22 15:42:57'),
(1412, '2015-00346-CM-0', 2, '2019-04-22 15:42:57'),
(1413, '2015-00346-CM-0', 3, '2019-04-22 15:42:57'),
(1414, '2015-00346-CM-0', 4, '2019-04-22 15:42:57'),
(1415, '2015-00346-CM-0', 5, '2019-04-22 15:42:57'),
(1416, '2015-00247-CM-0', 1, '2019-04-22 15:45:52'),
(1417, '2015-00247-CM-0', 2, '2019-04-22 15:45:52'),
(1418, '2015-00247-CM-0', 3, '2019-04-22 15:45:52'),
(1419, '2015-00247-CM-0', 4, '2019-04-22 15:45:52'),
(1420, '2015-00247-CM-0', 5, '2019-04-22 15:45:52'),
(1421, '2015-00246-CM-0', 1, '2019-04-22 15:48:34'),
(1422, '2015-00246-CM-0', 2, '2019-04-22 15:48:34'),
(1423, '2015-00246-CM-0', 3, '2019-04-22 15:48:34'),
(1424, '2015-00246-CM-0', 4, '2019-04-22 15:48:34'),
(1425, '2015-00246-CM-0', 5, '2019-04-22 15:48:34'),
(1426, '2015-00089-CM-0', 1, '2019-04-22 15:53:18'),
(1427, '2015-00089-CM-0', 2, '2019-04-22 15:53:18'),
(1428, '2015-00089-CM-0', 3, '2019-04-22 15:53:18'),
(1429, '2015-00089-CM-0', 4, '2019-04-22 15:53:18'),
(1430, '2015-00089-CM-0', 5, '2019-04-22 15:53:18'),
(1431, '2015-00227-CM-0', 1, '2019-04-22 15:55:35'),
(1432, '2015-00227-CM-0', 2, '2019-04-22 15:55:35'),
(1433, '2015-00227-CM-0', 3, '2019-04-22 15:55:35'),
(1434, '2015-00227-CM-0', 4, '2019-04-22 15:55:35'),
(1435, '2015-00227-CM-0', 5, '2019-04-22 15:55:35'),
(1436, '2015-00394-CM-0', 1, '2019-04-22 16:01:53'),
(1437, '2015-00394-CM-0', 2, '2019-04-22 16:01:53'),
(1438, '2015-00394-CM-0', 3, '2019-04-22 16:01:53'),
(1439, '2015-00394-CM-0', 4, '2019-04-22 16:01:53'),
(1440, '2015-00394-CM-0', 5, '2019-04-22 16:01:53'),
(1441, '2015-00098-CM-0', 1, '2019-04-22 16:07:23'),
(1442, '2015-00098-CM-0', 2, '2019-04-22 16:07:23'),
(1443, '2015-00098-CM-0', 3, '2019-04-22 16:07:23'),
(1444, '2015-00098-CM-0', 4, '2019-04-22 16:07:23'),
(1445, '2015-00098-CM-0', 5, '2019-04-22 16:07:23'),
(1446, '2015-00241-CM-0', 1, '2019-04-22 16:16:22'),
(1447, '2015-00241-CM-0', 2, '2019-04-22 16:16:22'),
(1448, '2015-00241-CM-0', 3, '2019-04-22 16:16:22'),
(1449, '2015-00241-CM-0', 4, '2019-04-22 16:16:22'),
(1450, '2015-00241-CM-0', 5, '2019-04-22 16:16:22'),
(1451, '2015-00706-CM-1', 1, '2019-04-22 16:17:45'),
(1452, '2015-00706-CM-1', 2, '2019-04-22 16:17:45'),
(1453, '2015-00706-CM-1', 3, '2019-04-22 16:17:45'),
(1454, '2015-00706-CM-1', 4, '2019-04-22 16:17:45'),
(1455, '2015-00706-CM-1', 5, '2019-04-22 16:17:45'),
(1456, '2015-00055-CM-0', 1, '2019-04-22 16:19:27'),
(1457, '2015-00055-CM-0', 2, '2019-04-22 16:19:27'),
(1458, '2015-00055-CM-0', 3, '2019-04-22 16:19:27'),
(1459, '2015-00055-CM-0', 4, '2019-04-22 16:19:27'),
(1460, '2015-00055-CM-0', 5, '2019-04-22 16:19:27'),
(1461, '2015-00052-CM-0', 1, '2019-04-22 16:21:50'),
(1462, '2015-00052-CM-0', 2, '2019-04-22 16:21:51'),
(1463, '2015-00052-CM-0', 3, '2019-04-22 16:21:51'),
(1464, '2015-00052-CM-0', 4, '2019-04-22 16:21:51'),
(1465, '2015-00052-CM-0', 5, '2019-04-22 16:21:51'),
(1466, '2015-00150-CM-0', 1, '2019-04-22 16:23:11'),
(1467, '2015-00150-CM-0', 2, '2019-04-22 16:23:11'),
(1468, '2015-00150-CM-0', 3, '2019-04-22 16:23:11'),
(1469, '2015-00150-CM-0', 4, '2019-04-22 16:23:11'),
(1470, '2015-00150-CM-0', 5, '2019-04-22 16:23:11'),
(1471, '2015-00151-CM-0', 1, '2019-04-22 16:25:09'),
(1472, '2015-00151-CM-0', 2, '2019-04-22 16:25:09'),
(1473, '2015-00151-CM-0', 3, '2019-04-22 16:25:09'),
(1474, '2015-00151-CM-0', 4, '2019-04-22 16:25:09'),
(1475, '2015-00151-CM-0', 5, '2019-04-22 16:25:09'),
(1476, '2015-00401-CM-0', 1, '2019-04-22 16:30:18'),
(1477, '2015-00401-CM-0', 2, '2019-04-22 16:30:18'),
(1478, '2015-00401-CM-0', 3, '2019-04-22 16:30:18'),
(1479, '2015-00401-CM-0', 4, '2019-04-22 16:30:18'),
(1480, '2015-00401-CM-0', 5, '2019-04-22 16:30:18'),
(1481, '2015-00046-CM-0', 1, '2019-04-22 16:34:04'),
(1482, '2015-00046-CM-0', 2, '2019-04-22 16:34:04'),
(1483, '2015-00046-CM-0', 3, '2019-04-22 16:34:04'),
(1484, '2015-00046-CM-0', 4, '2019-04-22 16:34:04'),
(1485, '2015-00046-CM-0', 5, '2019-04-22 16:34:04'),
(1486, '2015-00386-CM-0', 1, '2019-04-22 16:37:15'),
(1487, '2015-00386-CM-0', 2, '2019-04-22 16:37:15'),
(1488, '2015-00386-CM-0', 3, '2019-04-22 16:37:15'),
(1489, '2015-00386-CM-0', 4, '2019-04-22 16:37:15'),
(1490, '2015-00386-CM-0', 5, '2019-04-22 16:37:15'),
(1491, '2015-00024-CM-0', 1, '2019-04-22 16:38:39'),
(1492, '2015-00024-CM-0', 2, '2019-04-22 16:38:39'),
(1493, '2015-00024-CM-0', 3, '2019-04-22 16:38:39'),
(1494, '2015-00024-CM-0', 4, '2019-04-22 16:38:39'),
(1495, '2015-00024-CM-0', 5, '2019-04-22 16:38:39'),
(1496, '2015-00160-CM-0', 1, '2019-04-22 16:40:45'),
(1497, '2015-00160-CM-0', 2, '2019-04-22 16:40:45'),
(1498, '2015-00160-CM-0', 3, '2019-04-22 16:40:45'),
(1499, '2015-00160-CM-0', 4, '2019-04-22 16:40:45'),
(1500, '2015-00160-CM-0', 5, '2019-04-22 16:40:45'),
(1501, '2015-00112-CM-0', 1, '2019-04-22 16:46:15'),
(1502, '2015-00112-CM-0', 2, '2019-04-22 16:46:15'),
(1503, '2015-00112-CM-0', 3, '2019-04-22 16:46:15'),
(1504, '2015-00112-CM-0', 4, '2019-04-22 16:46:15'),
(1505, '2015-00112-CM-0', 5, '2019-04-22 16:46:15'),
(1506, '2015-00126-CM-0', 1, '2019-04-22 16:48:40'),
(1507, '2015-00126-CM-0', 2, '2019-04-22 16:48:40'),
(1508, '2015-00126-CM-0', 3, '2019-04-22 16:48:40'),
(1509, '2015-00126-CM-0', 4, '2019-04-22 16:48:40'),
(1510, '2015-00126-CM-0', 5, '2019-04-22 16:48:40'),
(1511, '2015-00161-CM-0', 1, '2019-04-22 16:50:38'),
(1512, '2015-00161-CM-0', 2, '2019-04-22 16:50:38'),
(1513, '2015-00161-CM-0', 3, '2019-04-22 16:50:38'),
(1514, '2015-00161-CM-0', 4, '2019-04-22 16:50:38'),
(1515, '2015-00161-CM-0', 5, '2019-04-22 16:50:38'),
(1516, '2015-00316-CM-0', 1, '2019-04-22 16:55:02'),
(1517, '2015-00316-CM-0', 2, '2019-04-22 16:55:02'),
(1518, '2015-00316-CM-0', 3, '2019-04-22 16:55:02'),
(1519, '2015-00316-CM-0', 4, '2019-04-22 16:55:02'),
(1520, '2015-00316-CM-0', 5, '2019-04-22 16:55:02'),
(1521, '2015-00086-CM-0', 1, '2019-04-22 17:02:29'),
(1522, '2015-00086-CM-0', 2, '2019-04-22 17:02:29'),
(1523, '2015-00086-CM-0', 3, '2019-04-22 17:02:29'),
(1524, '2015-00086-CM-0', 4, '2019-04-22 17:02:29'),
(1525, '2015-00086-CM-0', 5, '2019-04-22 17:02:29'),
(1526, '2015-00020-CM-0', 1, '2019-04-22 17:09:52'),
(1527, '2015-00020-CM-0', 2, '2019-04-22 17:09:52'),
(1528, '2015-00020-CM-0', 3, '2019-04-22 17:09:52'),
(1529, '2015-00020-CM-0', 4, '2019-04-22 17:09:52'),
(1530, '2015-00020-CM-0', 5, '2019-04-22 17:09:52'),
(1531, '2015-00629-CM-0', 1, '2019-04-22 17:17:01'),
(1532, '2015-00629-CM-0', 2, '2019-04-22 17:17:01'),
(1533, '2015-00629-CM-0', 3, '2019-04-22 17:17:01'),
(1534, '2015-00629-CM-0', 4, '2019-04-22 17:17:01'),
(1535, '2015-00629-CM-0', 5, '2019-04-22 17:17:01'),
(1536, '2015-00621-CM-0', 1, '2019-04-22 17:19:41'),
(1537, '2015-00621-CM-0', 2, '2019-04-22 17:19:41'),
(1538, '2015-00621-CM-0', 3, '2019-04-22 17:19:41'),
(1539, '2015-00621-CM-0', 4, '2019-04-22 17:19:41'),
(1540, '2015-00621-CM-0', 5, '2019-04-22 17:19:41'),
(1541, '2015-00567-CM-0', 1, '2019-04-24 11:11:42'),
(1542, '2015-00567-CM-0', 2, '2019-04-24 11:11:42'),
(1543, '2015-00567-CM-0', 3, '2019-04-24 11:11:42'),
(1544, '2015-00567-CM-0', 4, '2019-04-24 11:11:42'),
(1545, '2015-00567-CM-0', 5, '2019-04-24 11:11:42'),
(1546, '2015-00219-CM-0', 1, '2019-04-24 11:12:45'),
(1547, '2015-00219-CM-0', 2, '2019-04-24 11:12:45'),
(1548, '2015-00219-CM-0', 3, '2019-04-24 11:12:45'),
(1549, '2015-00219-CM-0', 4, '2019-04-24 11:12:45'),
(1550, '2015-00219-CM-0', 5, '2019-04-24 11:12:45'),
(1551, '2015-00139-CM-0', 1, '2019-04-24 11:14:53'),
(1552, '2015-00139-CM-0', 2, '2019-04-24 11:14:53'),
(1553, '2015-00139-CM-0', 3, '2019-04-24 11:14:53'),
(1554, '2015-00139-CM-0', 4, '2019-04-24 11:14:53'),
(1555, '2015-00139-CM-0', 5, '2019-04-24 11:14:53'),
(1556, '2015-00165-CM-0', 1, '2019-04-24 12:21:27'),
(1557, '2015-00165-CM-0', 2, '2019-04-24 12:21:27'),
(1558, '2015-00165-CM-0', 3, '2019-04-24 12:21:27'),
(1559, '2015-00165-CM-0', 4, '2019-04-24 12:21:27'),
(1560, '2015-00165-CM-0', 5, '2019-04-24 12:21:28'),
(1561, '2015-00059-CM-0', 1, '2019-04-24 12:57:02'),
(1562, '2015-00059-CM-0', 2, '2019-04-24 12:57:02'),
(1563, '2015-00059-CM-0', 3, '2019-04-24 12:57:02'),
(1564, '2015-00059-CM-0', 4, '2019-04-24 12:57:02'),
(1565, '2015-00059-CM-0', 5, '2019-04-24 12:57:02'),
(1566, '2015-00564-CM-0', 1, '2019-04-24 13:40:36'),
(1567, '2015-00564-CM-0', 2, '2019-04-24 13:40:36'),
(1568, '2015-00564-CM-0', 3, '2019-04-24 13:40:36'),
(1569, '2015-00564-CM-0', 4, '2019-04-24 13:40:36'),
(1570, '2015-00564-CM-0', 5, '2019-04-24 13:40:36'),
(1571, '2015-00085-CM-0', 1, '2019-04-24 14:07:46'),
(1572, '2015-00085-CM-0', 2, '2019-04-24 14:07:47'),
(1573, '2015-00085-CM-0', 3, '2019-04-24 14:07:47'),
(1574, '2015-00085-CM-0', 4, '2019-04-24 14:07:47'),
(1575, '2015-00085-CM-0', 5, '2019-04-24 14:07:47'),
(1581, '2015-00159-CM-0', 1, '2019-04-24 15:04:32'),
(1582, '2015-00159-CM-0', 2, '2019-04-24 15:04:32'),
(1583, '2015-00159-CM-0', 3, '2019-04-24 15:04:32'),
(1584, '2015-00159-CM-0', 4, '2019-04-24 15:04:32'),
(1585, '2015-00159-CM-0', 5, '2019-04-24 15:04:32'),
(1586, '2015-00074-CM-0', 1, '2019-04-24 15:57:29'),
(1587, '2015-00074-CM-0', 2, '2019-04-24 15:57:29'),
(1588, '2015-00074-CM-0', 3, '2019-04-24 15:57:29'),
(1589, '2015-00074-CM-0', 4, '2019-04-24 15:57:29'),
(1590, '2015-00074-CM-0', 5, '2019-04-24 15:57:29'),
(1591, '2014-00083-CM-0', 1, '2019-04-24 16:04:21'),
(1592, '2014-00083-CM-0', 2, '2019-04-24 16:04:21'),
(1593, '2014-00083-CM-0', 3, '2019-04-24 16:04:21'),
(1594, '2014-00083-CM-0', 4, '2019-04-24 16:04:21'),
(1595, '2014-00083-CM-0', 5, '2019-04-24 16:04:21'),
(1596, '2014-00230-CM-0', 1, '2019-04-25 10:57:08'),
(1597, '2014-00230-CM-0', 2, '2019-04-25 10:57:08'),
(1598, '2014-00230-CM-0', 3, '2019-04-25 10:57:08'),
(1599, '2014-00230-CM-0', 4, '2019-04-25 10:57:08'),
(1600, '2014-00230-CM-0', 5, '2019-04-25 10:57:08'),
(1601, '2015-00157-CM-0', 1, '2019-04-25 10:58:03'),
(1602, '2015-00157-CM-0', 2, '2019-04-25 10:58:03'),
(1603, '2015-00157-CM-0', 3, '2019-04-25 10:58:03'),
(1604, '2015-00157-CM-0', 4, '2019-04-25 10:58:03'),
(1605, '2015-00157-CM-0', 5, '2019-04-25 10:58:04'),
(1606, '2015-00212-CM-0', 1, '2019-04-25 11:20:57'),
(1607, '2015-00212-CM-0', 2, '2019-04-25 11:20:57'),
(1608, '2015-00212-CM-0', 3, '2019-04-25 11:20:57'),
(1609, '2015-00212-CM-0', 4, '2019-04-25 11:20:57'),
(1610, '2015-00212-CM-0', 5, '2019-04-25 11:20:57'),
(1611, '2014-00148-CM-0', 1, '2019-04-25 11:42:07'),
(1612, '2014-00148-CM-0', 2, '2019-04-25 11:42:07'),
(1613, '2014-00148-CM-0', 3, '2019-04-25 11:42:07'),
(1614, '2014-00148-CM-0', 4, '2019-04-25 11:42:07'),
(1615, '2014-00148-CM-0', 5, '2019-04-25 11:42:07'),
(1616, '2014-00583-CM-0', 1, '2019-04-25 14:07:03'),
(1617, '2014-00583-CM-0', 2, '2019-04-25 14:07:03'),
(1618, '2014-00583-CM-0', 3, '2019-04-25 14:07:03'),
(1619, '2014-00583-CM-0', 4, '2019-04-25 14:07:03'),
(1620, '2014-00583-CM-0', 5, '2019-04-25 14:07:03'),
(1621, '2015-00563-CM-0', 1, '2019-04-25 14:29:18'),
(1622, '2015-00563-CM-0', 2, '2019-04-25 14:29:18'),
(1623, '2015-00563-CM-0', 3, '2019-04-25 14:29:18'),
(1624, '2015-00563-CM-0', 4, '2019-04-25 14:29:18'),
(1625, '2015-00563-CM-0', 5, '2019-04-25 14:29:18'),
(1626, '2015-00167-CM-0', 1, '2019-04-25 14:43:04'),
(1627, '2015-00167-CM-0', 2, '2019-04-25 14:43:04'),
(1628, '2015-00167-CM-0', 3, '2019-04-25 14:43:04'),
(1629, '2015-00167-CM-0', 4, '2019-04-25 14:43:04'),
(1630, '2015-00167-CM-0', 5, '2019-04-25 14:43:04'),
(1631, '2015-00230-CM-0', 1, '2019-04-25 14:48:37'),
(1632, '2015-00230-CM-0', 2, '2019-04-25 14:48:37'),
(1633, '2015-00230-CM-0', 3, '2019-04-25 14:48:37'),
(1634, '2015-00230-CM-0', 4, '2019-04-25 14:48:37'),
(1635, '2015-00230-CM-0', 5, '2019-04-25 14:48:37'),
(1636, '2015-00391-CM-0', 1, '2019-04-26 11:46:15'),
(1637, '2015-00391-CM-0', 2, '2019-04-26 11:46:15'),
(1638, '2015-00391-CM-0', 3, '2019-04-26 11:46:15'),
(1639, '2015-00391-CM-0', 4, '2019-04-26 11:46:15'),
(1640, '2015-00391-CM-0', 5, '2019-04-26 11:46:15'),
(1641, '2015-00017-CM-0', 1, '2019-04-26 15:33:51'),
(1642, '2015-00017-CM-0', 2, '2019-04-26 15:33:52'),
(1643, '2015-00017-CM-0', 3, '2019-04-26 15:33:52'),
(1644, '2015-00017-CM-0', 4, '2019-04-26 15:33:52'),
(1645, '2015-00017-CM-0', 5, '2019-04-26 15:33:52'),
(1646, '2015-00220-CM-0', 1, '2019-04-26 15:37:21'),
(1647, '2015-00220-CM-0', 2, '2019-04-26 15:37:21'),
(1648, '2015-00220-CM-0', 3, '2019-04-26 15:37:21'),
(1649, '2015-00220-CM-0', 4, '2019-04-26 15:37:21'),
(1650, '2015-00220-CM-0', 5, '2019-04-26 15:37:21'),
(1651, '2015-00058-CM-0', 1, '2019-04-26 16:32:21'),
(1652, '2015-00058-CM-0', 2, '2019-04-26 16:32:21'),
(1653, '2015-00058-CM-0', 3, '2019-04-26 16:32:21'),
(1654, '2015-00058-CM-0', 4, '2019-04-26 16:32:21'),
(1655, '2015-00058-CM-0', 5, '2019-04-26 16:32:21'),
(1656, '2015-00274-CM-0', 1, '2019-04-26 17:50:04'),
(1657, '2015-00274-CM-0', 2, '2019-04-26 17:50:04'),
(1658, '2015-00274-CM-0', 3, '2019-04-26 17:50:04'),
(1659, '2015-00274-CM-0', 4, '2019-04-26 17:50:04'),
(1660, '2015-00274-CM-0', 5, '2019-04-26 17:50:04'),
(1661, '2015-00288-CM-0', 1, '2019-04-30 14:54:40'),
(1662, '2015-00288-CM-0', 2, '2019-04-30 14:54:40'),
(1663, '2015-00288-CM-0', 3, '2019-04-30 14:54:40'),
(1664, '2015-00288-CM-0', 4, '2019-04-30 14:54:40'),
(1665, '2015-00288-CM-0', 5, '2019-04-30 14:54:41'),
(1666, '2015-00248-CM-0', 1, '2019-04-30 14:57:04'),
(1667, '2015-00248-CM-0', 2, '2019-04-30 14:57:04'),
(1668, '2015-00248-CM-0', 3, '2019-04-30 14:57:04'),
(1669, '2015-00248-CM-0', 4, '2019-04-30 14:57:04'),
(1670, '2015-00248-CM-0', 5, '2019-04-30 14:57:04'),
(1671, '2015-00108-CM-0', 1, '2019-05-08 13:39:01'),
(1672, '2015-00108-CM-0', 2, '2019-05-08 13:39:01'),
(1673, '2015-00108-CM-0', 3, '2019-05-08 13:39:01'),
(1674, '2015-00108-CM-0', 4, '2019-05-08 13:39:01'),
(1675, '2015-00108-CM-0', 5, '2019-05-08 13:39:01');

-- --------------------------------------------------------

--
-- Table structure for table `t_users_log`
--

CREATE TABLE `t_users_log` (
  `log_No` int(200) NOT NULL,
  `log_userID` int(10) NOT NULL,
  `log_usertype` int(10) NOT NULL,
  `log_datestamp` date NOT NULL,
  `log_timestamp` time NOT NULL
) ENGINE=InnoDB DEFAULT CHARSET=latin1;

--
-- Dumping data for table `t_users_log`
--

INSERT INTO `t_users_log` (`log_No`, `log_userID`, `log_usertype`, `log_datestamp`, `log_timestamp`) VALUES
(1, 1, 1, '2019-04-05', '15:29:47'),
(2, 1, 1, '2019-04-05', '15:30:56'),
(3, 1, 1, '2019-04-05', '18:32:18'),
(4, 1, 1, '2019-04-06', '09:54:58'),
(5, 1, 1, '2019-04-06', '10:33:43'),
(6, 1, 1, '2019-04-06', '11:00:10'),
(7, 1, 1, '2019-04-06', '11:47:50'),
(8, 1, 1, '2019-04-11', '11:37:34'),
(9, 1, 1, '2019-04-11', '14:17:39'),
(10, 1, 1, '2019-04-11', '15:20:40'),
(11, 1, 1, '2019-04-11', '15:21:13'),
(12, 1, 1, '2019-04-11', '16:08:50'),
(13, 1, 1, '2019-04-11', '16:15:36'),
(14, 1, 1, '2019-04-11', '17:39:31'),
(15, 1, 1, '2019-04-11', '17:44:24'),
(16, 1, 1, '2019-04-12', '08:38:52'),
(17, 1, 1, '2019-04-12', '14:16:14'),
(18, 1, 1, '2019-04-13', '09:58:49'),
(19, 1, 1, '2019-04-15', '09:58:26'),
(20, 1, 1, '2019-04-15', '11:10:22'),
(21, 1, 1, '2019-04-15', '11:26:26'),
(22, 1, 1, '2019-04-15', '13:40:01'),
(23, 1, 1, '2019-04-16', '10:43:19'),
(24, 1, 1, '2019-04-22', '09:24:19'),
(25, 1, 1, '2019-04-24', '11:11:28'),
(26, 1, 1, '2019-04-25', '10:48:10'),
(27, 1, 1, '2019-04-26', '09:13:17'),
(28, 1, 1, '2019-04-30', '14:52:42'),
(29, 1, 1, '2019-05-04', '14:24:03'),
(30, 1, 1, '2019-05-08', '13:36:37'),
(31, 1, 1, '2019-05-10', '10:33:59');

--
-- Indexes for dumped tables
--

--
-- Indexes for table `r_courses`
--
ALTER TABLE `r_courses`
  ADD PRIMARY KEY (`course_ID`);

--
-- Indexes for table `r_office`
--
ALTER TABLE `r_office`
  ADD PRIMARY KEY (`office_ID`);

--
-- Indexes for table `r_particulars`
--
ALTER TABLE `r_particulars`
  ADD PRIMARY KEY (`prtclr_ID`);

--
-- Indexes for table `r_user_role`
--
ALTER TABLE `r_user_role`
  ADD PRIMARY KEY (`usr_ID`);

--
-- Indexes for table `t_accounts`
--
ALTER TABLE `t_accounts`
  ADD PRIMARY KEY (`acc_ID`),
  ADD KEY `FK_acc_role` (`acc_user_role`),
  ADD KEY `FK_acc_emp` (`acc_empID`);

--
-- Indexes for table `t_employees`
--
ALTER TABLE `t_employees`
  ADD PRIMARY KEY (`emp_ID`),
  ADD KEY `FK_emp_off` (`emp_office`);

--
-- Indexes for table `t_report_bug`
--
ALTER TABLE `t_report_bug`
  ADD PRIMARY KEY (`rb_ID`),
  ADD KEY `FK_reporter` (`rb_reporter`);

--
-- Indexes for table `t_student_info`
--
ALTER TABLE `t_student_info`
  ADD PRIMARY KEY (`stud_ID`),
  ADD UNIQUE KEY `stud_number` (`stud_number`),
  ADD KEY `FK_degree` (`stud_degree_prog`);

--
-- Indexes for table `t_student_transact`
--
ALTER TABLE `t_student_transact`
  ADD PRIMARY KEY (`strs_ID`),
  ADD KEY `FK_stud_num` (`strs_stud_num`),
  ADD KEY `FK_particular` (`strs_prtclr_ref`);

--
-- Indexes for table `t_users_log`
--
ALTER TABLE `t_users_log`
  ADD PRIMARY KEY (`log_No`),
  ADD KEY `FK_loguserID` (`log_userID`);

--
-- AUTO_INCREMENT for dumped tables
--

--
-- AUTO_INCREMENT for table `r_courses`
--
ALTER TABLE `r_courses`
  MODIFY `course_ID` int(10) NOT NULL AUTO_INCREMENT, AUTO_INCREMENT=7;

--
-- AUTO_INCREMENT for table `r_office`
--
ALTER TABLE `r_office`
  MODIFY `office_ID` int(10) NOT NULL AUTO_INCREMENT, AUTO_INCREMENT=3;

--
-- AUTO_INCREMENT for table `r_particulars`
--
ALTER TABLE `r_particulars`
  MODIFY `prtclr_ID` int(10) NOT NULL AUTO_INCREMENT, AUTO_INCREMENT=6;

--
-- AUTO_INCREMENT for table `r_user_role`
--
ALTER TABLE `r_user_role`
  MODIFY `usr_ID` int(10) NOT NULL AUTO_INCREMENT, AUTO_INCREMENT=2;

--
-- AUTO_INCREMENT for table `t_accounts`
--
ALTER TABLE `t_accounts`
  MODIFY `acc_ID` int(10) NOT NULL AUTO_INCREMENT, AUTO_INCREMENT=3;

--
-- AUTO_INCREMENT for table `t_employees`
--
ALTER TABLE `t_employees`
  MODIFY `emp_ID` int(10) NOT NULL AUTO_INCREMENT, AUTO_INCREMENT=3;

--
-- AUTO_INCREMENT for table `t_report_bug`
--
ALTER TABLE `t_report_bug`
  MODIFY `rb_ID` int(10) NOT NULL AUTO_INCREMENT;

--
-- AUTO_INCREMENT for table `t_student_info`
--
ALTER TABLE `t_student_info`
  MODIFY `stud_ID` int(10) NOT NULL AUTO_INCREMENT, AUTO_INCREMENT=336;

--
-- AUTO_INCREMENT for table `t_student_transact`
--
ALTER TABLE `t_student_transact`
  MODIFY `strs_ID` int(10) NOT NULL AUTO_INCREMENT, AUTO_INCREMENT=1676;

--
-- AUTO_INCREMENT for table `t_users_log`
--
ALTER TABLE `t_users_log`
  MODIFY `log_No` int(200) NOT NULL AUTO_INCREMENT, AUTO_INCREMENT=32;

--
-- Constraints for dumped tables
--

--
-- Constraints for table `t_accounts`
--
ALTER TABLE `t_accounts`
  ADD CONSTRAINT `FK_acc_emp` FOREIGN KEY (`acc_empID`) REFERENCES `t_employees` (`emp_ID`),
  ADD CONSTRAINT `FK_acc_role` FOREIGN KEY (`acc_user_role`) REFERENCES `r_user_role` (`usr_ID`);

--
-- Constraints for table `t_employees`
--
ALTER TABLE `t_employees`
  ADD CONSTRAINT `FK_emp_off` FOREIGN KEY (`emp_office`) REFERENCES `r_office` (`office_ID`);

--
-- Constraints for table `t_report_bug`
--
ALTER TABLE `t_report_bug`
  ADD CONSTRAINT `FK_reporter` FOREIGN KEY (`rb_reporter`) REFERENCES `t_accounts` (`acc_ID`);

--
-- Constraints for table `t_student_info`
--
ALTER TABLE `t_student_info`
  ADD CONSTRAINT `FK_degree` FOREIGN KEY (`stud_degree_prog`) REFERENCES `r_courses` (`course_ID`);

--
-- Constraints for table `t_student_transact`
--
ALTER TABLE `t_student_transact`
  ADD CONSTRAINT `FK_particular` FOREIGN KEY (`strs_prtclr_ref`) REFERENCES `r_particulars` (`prtclr_ID`),
  ADD CONSTRAINT `FK_stud_num` FOREIGN KEY (`strs_stud_num`) REFERENCES `t_student_info` (`stud_number`);

--
-- Constraints for table `t_users_log`
--
ALTER TABLE `t_users_log`
  ADD CONSTRAINT `FK_loguserID` FOREIGN KEY (`log_userID`) REFERENCES `t_accounts` (`acc_ID`);
COMMIT;

/*!40101 SET CHARACTER_SET_CLIENT=@OLD_CHARACTER_SET_CLIENT */;
/*!40101 SET CHARACTER_SET_RESULTS=@OLD_CHARACTER_SET_RESULTS */;
/*!40101 SET COLLATION_CONNECTION=@OLD_COLLATION_CONNECTION */;
